First,Last
JAMES,AARON
JOHN,ABBOTT
ROBERT,ABEL
MICHAEL,ABELL
MARY,ABERNATHY
WILLIAM,ABNER
DAVID,ABNEY
RICHARD,ABRAHAM
CHARLES,ABRAMS
JOSEPH,ABREU
THOMAS,ACEVEDO
PATRICIA,ACKER
CHRISTOPHER,ACKERMAN
LINDA,ACKLEY
BARBARA,ACOSTA
DANIEL,ACUNA
PAUL,ADAIR
MARK,ADAM
ELIZABETH,ADAME
DONALD,ADAMS
JENNIFER,ADAMSON
GEORGE,ADCOCK
MARIA,ADDISON
KENNETH,ADKINS
SUSAN,ADLER
STEVEN,AGEE
EDWARD,AGNEW
MARGARET,AGUAYO
BRIAN,AGUIAR
RONALD,AGUILAR
DOROTHY,AGUILERA
ANTHONY,AGUIRRE
LISA,AHERN
KEVIN,AHMAD
NANCY,AHMED
KAREN,AHRENS
BETTY,AIELLO
HELEN,AIKEN
JASON,AINSWORTH
MATTHEW,AKERS
GARY,AKIN
TIMOTHY,AKINS
SANDRA,ALANIZ
JOSE,ALARCON
LARRY,ALBA
JEFFREY,ALBERS
FRANK,ALBERT
DONNA,ALBERTSON
CAROL,ALBRECHT
RUTH,ALBRIGHT
SCOTT,ALCALA
ERIC,ALCORN
STEPHEN,ALDERMAN
ANDREW,ALDRICH
SHARON,ALDRIDGE
MICHELLE,ALEMAN
LAURA,ALEXANDER
SARAH,ALFARO
KIMBERLY,ALFONSO
DEBORAH,ALFORD
JESSICA,ALFRED
RAYMOND,ALGER
SHIRLEY,ALI
CYNTHIA,ALICEA
ANGELA,ALLAN
MELISSA,ALLARD
BRENDA,ALLEN
AMY,ALLEY
JERRY,ALLISON
GREGORY,ALLMAN
ANNA,ALLRED
JOSHUA,ALMANZA
VIRGINIA,ALMEIDA
REBECCA,ALMOND
KATHLEEN,ALONSO
DENNIS,ALONZO
PAMELA,ALSTON
MARTHA,ALTMAN
DEBRA,ALVARADO
AMANDA,ALVAREZ
WALTER,ALVES
STEPHANIE,AMADOR
WILLIE,AMARAL
PATRICK,AMATO
TERRY,AMAYA
CAROLYN,AMBROSE
PETER,AMES
CHRISTINE,AMMONS
MARIE,AMOS
JANET,AMUNDSON
FRANCES,ANAYA
CATHERINE,ANDERS
HAROLD,ANDERSEN
HENRY,ANDERSON
DOUGLAS,ANDRADE
JOYCE,ANDRE
ANN,ANDRES
DIANE,ANDREW
ALICE,ANDREWS
JEAN,ANDRUS
JULIE,ANGEL
CARL,ANGELO
KELLY,ANGLIN
HEATHER,ANGULO
ARTHUR,ANTHONY
TERESA,ANTOINE
GLORIA,ANTONIO
DORIS,APODACA
RYAN,APONTE
JOE,APPEL
ROGER,APPLE
EVELYN,APPLEGATE
JUAN,APPLETON
ASHLEY,AQUINO
JACK,ARAGON
CHERYL,ARANDA
ALBERT,ARAUJO
JOAN,ARCE
MILDRED,ARCHER
KATHERINE,ARCHIBALD
JUSTIN,ARCHIE
JONATHAN,ARCHULETA
GERALD,ARELLANO
KEITH,AREVALO
SAMUEL,ARIAS
JUDITH,ARMENTA
ROSE,ARMIJO
JANICE,ARMSTEAD
LAWRENCE,ARMSTRONG
RALPH,ARNDT
NICOLE,ARNETT
JUDY,ARNOLD
NICHOLAS,ARREDONDO
CHRISTINA,ARREOLA
ROY,ARRIAGA
KATHY,ARRINGTON
THERESA,ARROYO
BENJAMIN,ARSENAULT
BEVERLY,ARTEAGA
DENISE,ARTHUR
BRUCE,ARTIS
BRANDON,ASBURY
ADAM,ASH
TAMMY,ASHBY
IRENE,ASHCRAFT
FRED,ASHE
BILLY,ASHER
HARRY,ASHFORD
JANE,ASHLEY
WAYNE,ASHMORE
LOUIS,ASHTON
LORI,ASHWORTH
STEVE,ASKEW
TRACY,ATCHISON
JEREMY,ATHERTON
RACHEL,ATKINS
ANDREA,ATKINSON
AARON,ATWELL
MARILYN,ATWOOD
ROBIN,AUGUST
RANDY,AUGUSTINE
LESLIE,AULT
KATHRYN,AUSTIN
EUGENE,AUTRY
BOBBY,AVALOS
HOWARD,AVERY
CARLOS,AVILA
SARA,AVILES
LOUISE,AYALA
JACQUELINE,AYERS
ANNE,AYRES
WANDA,BABB
RUSSELL,BABCOCK
SHAWN,BABIN
VICTOR,BACA
JULIA,BACH
BONNIE,BACHMAN
RUBY,BACK
CHRIS,BACON
TINA,BADER
LOIS,BADGER
PHYLLIS,BADILLO
JAMIE,BAER
NORMA,BAEZ
MARTIN,BAGGETT
PAULA,BAGLEY
JESSE,BAGWELL
DIANA,BAILEY
ANNIE,BAIN
SHANNON,BAINES
ERNEST,BAIR
TODD,BAKER
PHILLIP,BALDERAS
LEE,BALDWIN
LILLIAN,BALES
PEGGY,BALL
EMILY,BANDA
CRYSTAL,BANDY
KIM,BANKS
CRAIG,BANKSTON
CARMEN,BANNISTER
GLADYS,BANUELOS
CONNIE,BAPTISTE
RITA,BARAJAS
ALAN,BARBA
DAWN,BARBEE
FLORENCE,BARBER
DALE,BARBOSA
SEAN,BARBOUR
FRANCIS,BARCLAY
JOHNNY,BARDEN
CLARENCE,BARELA
PHILIP,BARFIELD
EDNA,BARGER
TIFFANY,BARHAM
TONY,BARKER
ROSA,BARKLEY
JIMMY,BARKSDALE
EARL,BARLOW
CINDY,BARNARD
ANTONIO,BARNES
LUIS,BARNETT
MIKE,BARNETTE
DANNY,BARNEY
BRYAN,BARNHART
GRACE,BARNHILL
STANLEY,BARON
LEONARD,BARONE
WENDY,BARR
NATHAN,BARRAZA
MANUEL,BARRERA
CURTIS,BARRETO
VICTORIA,BARRETT
RODNEY,BARRIENTOS
NORMAN,BARRIOS
EDITH,BARRON
SHERRY,BARROW
SYLVIA,BARROWS
JOSEPHINE,BARRY
ALLEN,BARTELS
THELMA,BARTH
SHEILA,BARTHOLOMEW
ETHEL,BARTLETT
MARJORIE,BARTLEY
LYNN,BARTON
ELLEN,BASHAM
ELAINE,BASKIN
MARVIN,BASS
CARRIE,BASSETT
MARION,BATCHELOR
CHARLOTTE,BATEMAN
VINCENT,BATES
GLENN,BATISTA
TRAVIS,BATISTE
MONICA,BATSON
JEFFERY,BATTAGLIA
JEFF,BATTEN
ESTHER,BATTLE
PAULINE,BATTLES
JACOB,BATTS
EMMA,BAUER
CHAD,BAUGH
KYLE,BAUGHMAN
JUANITA,BAUM
DANA,BAUMAN
MELVIN,BAUMANN
JESSIE,BAUMGARDNER
RHONDA,BAUMGARTNER
ANITA,BAUTISTA
ALFRED,BAXLEY
HAZEL,BAXTER
AMBER,BAYER
EVA,BAYLOR
BRADLEY,BAYNE
RAY,BAYS
JESUS,BEACH
DEBBIE,BEAL
HERBERT,BEALE
EDDIE,BEALL
JOEL,BEALS
FREDERICK,BEAM
APRIL,BEAMON
LUCILLE,BEAN
CLARA,BEANE
GAIL,BEAR
JOANNE,BEARD
ELEANOR,BEARDEN
VALERIE,BEASLEY
DANIELLE,BEATTIE
ERIN,BEATTY
EDWIN,BEATY
MEGAN,BEAUCHAMP
ALICIA,BEAUDOIN
SUZANNE,BEAULIEU
MICHELE,BEAUREGARD
DON,BEAVER
BERTHA,BEAVERS
VERONICA,BECERRA
JILL,BECK
DARLENE,BECKER
RICKY,BECKETT
LAUREN,BECKHAM
GERALDINE,BECKMAN
TROY,BECKWITH
STACY,BECNEL
RANDALL,BEDARD
CATHY,BEDFORD
JOANN,BEEBE
SALLY,BEELER
LORRAINE,BEERS
BARRY,BEESON
ALEXANDER,BEGAY
REGINA,BEGLEY
JACKIE,BEHRENS
ERICA,BELANGER
BEATRICE,BELCHER
DOLORES,BELL
BERNICE,BELLAMY
MARIO,BELLO
BERNARD,BELT
AUDREY,BELTON
YVONNE,BELTRAN
FRANCISCO,BENAVIDES
MICHEAL,BENAVIDEZ
LEROY,BENDER
JUNE,BENEDICT
ANNETTE,BENEFIELD
SAMANTHA,BENITEZ
MARCUS,BENJAMIN
THEODORE,BENNER
OSCAR,BENNETT
CLIFFORD,BENOIT
MIGUEL,BENSON
JAY,BENTLEY
RENEE,BENTON
ANA,BERG
VIVIAN,BERGER
JIM,BERGERON
IDA,BERGMAN
TOM,BERGSTROM
RONNIE,BERLIN
ROBERTA,BERMAN
HOLLY,BERMUDEZ
BRITTANY,BERNAL
ANGEL,BERNARD
ALEX,BERNHARDT
MELANIE,BERNIER
JON,BERNSTEIN
YOLANDA,BERRIOS
TOMMY,BERRY
LORETTA,BERRYMAN
JEANETTE,BERTRAM
CALVIN,BERTRAND
LAURIE,BERUBE
LEON,BESS
KATIE,BEST
STACEY,BETANCOURT
LLOYD,BETHEA
DEREK,BETHEL
BILL,BETTS
VANESSA,BETZ
SUE,BEVERLY
KRISTEN,BEVINS
ALMA,BEYER
WARREN,BIBLE
ELSIE,BICKFORD
BETH,BIDDLE
VICKI,BIGELOW
JEANNE,BIGGS
JEROME,BILLINGS
DARRELL,BILLINGSLEY
TARA,BILLIOT
ROSEMARY,BILLS
LEO,BILLUPS
FLOYD,BILODEAU
DEAN,BINDER
CARLA,BINGHAM
WESLEY,BINKLEY
TERRI,BIRCH
EILEEN,BIRD
COURTNEY,BISHOP
ALVIN,BISSON
TIM,BITTNER
JORGE,BIVENS
GREG,BIVINS
GORDON,BLACK
PEDRO,BLACKBURN
LUCY,BLACKMAN
GERTRUDE,BLACKMON
DUSTIN,BLACKWELL
DERRICK,BLACKWOOD
COREY,BLAINE
TONYA,BLAIR
DAN,BLAIS
ELLA,BLAKE
LEWIS,BLAKELY
ZACHARY,BLALOCK
WILMA,BLANCHARD
MAURICE,BLANCHETTE
KRISTIN,BLANCO
GINA,BLAND
VERNON,BLANK
VERA,BLANKENSHIP
ROBERTO,BLANTON
NATALIE,BLAYLOCK
CLYDE,BLEDSOE
AGNES,BLEVINS
HERMAN,BLISS
CHARLENE,BLOCK
CHARLIE,BLOCKER
BESSIE,BLODGETT
SHANE,BLOOM
DELORES,BLOUNT
SAM,BLUE
PEARL,BLUM
MELINDA,BLUNT
HECTOR,BLYTHE
GLEN,BOATRIGHT
ARLENE,BOATWRIGHT
RICARDO,BOBBITT
TAMARA,BOBO
MAUREEN,BOCK
LESTER,BOEHM
GENE,BOETTCHER
COLLEEN,BOGAN
ALLISON,BOGGS
TYLER,BOHANNON
RICK,BOHN
JOY,BOISVERT
JOHNNIE,BOLAND
GEORGIA,BOLDEN
CONSTANCE,BOLDUC
RAMON,BOLEN
MARCIA,BOLES
LILLIE,BOLIN
CLAUDIA,BOLING
BRENT,BOLLING
TANYA,BOLLINGER
NELLIE,BOLT
MINNIE,BOLTON
GILBERT,BOND
MARLENE,BONDS
HEIDI,BONE
GLENDA,BONILLA
MARC,BONNER
VIOLA,BOOKER
MARIAN,BOONE
LYDIA,BOOTH
BILLIE,BOOTHE
STELLA,BORDELON
GUADALUPE,BORDEN
CAROLINE,BORDERS
REGINALD,BOREN
DORA,BORGES
JO,BORREGO
CECIL,BOSS
CASEY,BOSTIC
BRETT,BOSTICK
VICKIE,BOSTON
RUBEN,BOSWELL
JAIME,BOTTOMS
RAFAEL,BOUCHARD
NATHANIEL,BOUCHER
MATTIE,BOUDREAU
MILTON,BOUDREAUX
EDGAR,BOUNDS
RAUL,BOURGEOIS
MAXINE,BOURNE
IRMA,BOURQUE
MYRTLE,BOWDEN
MARSHA,BOWEN
MABEL,BOWENS
CHESTER,BOWER
BEN,BOWERS
ANDRE,BOWIE
ADRIAN,BOWLES
LENA,BOWLIN
FRANKLIN,BOWLING
DUANE,BOWMAN
CHRISTY,BOWSER
TRACEY,BOX
PATSY,BOYCE
GABRIEL,BOYD
DEANNA,BOYER
JIMMIE,BOYKIN
HILDA,BOYLE
ELMER,BOYLES
CHRISTIAN,BOYNTON
BOBBIE,BOZEMAN
GWENDOLYN,BRACKEN
NORA,BRACKETT
MITCHELL,BRADBURY
JENNIE,BRADEN
BRAD,BRADFORD
RON,BRADLEY
ROLAND,BRADSHAW
NINA,BRADY
MARGIE,BRAGG
LEAH,BRANCH
HARVEY,BRAND
CORY,BRANDENBURG
CASSANDRA,BRANDON
ARNOLD,BRANDT
PRISCILLA,BRANHAM
PENNY,BRANNON
NAOMI,BRANSON
KAY,BRANT
KARL,BRANTLEY
JARED,BRASWELL
CAROLE,BRATCHER
OLGA,BRATTON
JAN,BRAUN
BRANDY,BRAVO
LONNIE,BRAXTON
LEONA,BRAY
DIANNE,BRAZIL
CLAUDE,BREAUX
SONIA,BREEDEN
JORDAN,BREEDLOVE
JENNY,BREEN
FELICIA,BRENNAN
ERIK,BRENNER
LINDSEY,BRENT
KERRY,BREWER
DARRYL,BREWSTER
VELMA,BRICE
NEIL,BRIDGES
MIRIAM,BRIGGS
BECKY,BRIGHT
VIOLET,BRILEY
KRISTINA,BRILL
JAVIER,BRIM
FERNANDO,BRINK
CODY,BRINKLEY
CLINTON,BRINKMAN
TYRONE,BRINSON
TONI,BRIONES
TED,BRISCOE
RENE,BRISENO
MATHEW,BRITO
LINDSAY,BRITT
JULIO,BRITTAIN
DARREN,BRITTON
MISTY,BROADNAX
MAE,BROADWAY
LANCE,BROCK
SHERRI,BROCKMAN
SHELLY,BRODERICK
SANDY,BRODY
RAMONA,BROGAN
PAT,BRONSON
KURT,BROOKINS
JODY,BROOKS
DAISY,BROOME
NELSON,BROTHERS
KATRINA,BROUGHTON
ERIKA,BROUSSARD
CLAIRE,BROWDER
ALLAN,BROWER
HUGH,BROWN
GUY,BROWNE
CLAYTON,BROWNELL
SHERYL,BROWNING
MAX,BROWNLEE
MARGARITA,BROYLES
GENEVA,BRUBAKER
DWAYNE,BRUCE
BELINDA,BRUMFIELD
FELIX,BRUNER
FAYE,BRUNNER
DWIGHT,BRUNO
CORA,BRUNS
ARMANDO,BRUNSON
SABRINA,BRUTON
NATASHA,BRYAN
ISABEL,BRYANT
EVERETT,BRYSON
ADA,BUCHANAN
WALLACE,BUCHER
SIDNEY,BUCK
MARGUERITE,BUCKINGHAM
IAN,BUCKLEY
HATTIE,BUCKNER
HARRIET,BUENO
ROSIE,BUFFINGTON
MOLLY,BUFORD
KRISTI,BUI
KEN,BULL
JOANNA,BULLARD
IRIS,BULLOCK
CECILIA,BUMGARNER
BRANDI,BUNCH
BOB,BUNDY
BLANCHE,BUNKER
JULIAN,BUNN
EUNICE,BUNNELL
ANGIE,BUNTING
ALFREDO,BURCH
LYNDA,BURCHETT
IVAN,BURCHFIELD
INEZ,BURDEN
FREDDIE,BURDETTE
DAVE,BURDICK
ALBERTO,BURGE
MADELINE,BURGER
DARYL,BURGESS
BYRON,BURGOS
AMELIA,BURK
ALBERTA,BURKE
SONYA,BURKETT
PERRY,BURKHART
MORRIS,BURKHOLDER
MONIQUE,BURKS
MAGGIE,BURLESON
KRISTINE,BURLEY
KAYLA,BURNETT
JODI,BURNETTE
JANIE,BURNEY
ISAAC,BURNHAM
GENEVIEVE,BURNS
CANDACE,BURNSIDE
YVETTE,BURR
WILLARD,BURRELL
WHITNEY,BURRIS
VIRGIL,BURROUGHS
ROSS,BURROW
OPAL,BURROWS
MELODY,BURT
MARYANN,BURTON
MARSHALL,BUSBY
FANNIE,BUSCH
CLIFTON,BUSH
ALISON,BUSS
SUSIE,BUSSEY
SHELLEY,BUSTAMANTE
SERGIO,BUSTOS
SALVADOR,BUTCHER
OLIVIA,BUTLER
LUZ,BUTTERFIELD
KIRK,BUTTON
FLORA,BUTTS
ANDY,BUXTON
VERNA,BYARS
TERRANCE,BYERS
SETH,BYNUM
MAMIE,BYRD
LULA,BYRNE
LOLA,BYRNES
KRISTY,CABALLERO
KENT,CABAN
BEULAH,CABLE
ANTOINETTE,CABRAL
TERRENCE,CABRERA
GAYLE,CADE
EDUARDO,CADY
PAM,CAGLE
KELLI,CAHILL
JUANA,CAIN
JOEY,CALABRESE
JEANNETTE,CALDERON
ENRIQUE,CALDWELL
DONNIE,CALHOUN
CANDICE,CALKINS
WADE,CALL
HANNAH,CALLAGHAN
FRANKIE,CALLAHAN
BRIDGET,CALLAWAY
AUSTIN,CALLENDER
STUART,CALLOWAY
KARLA,CALVERT
EVAN,CALVIN
CELIA,CAMACHO
VICKY,CAMARILLO
SHELIA,CAMBELL
PATTY,CAMERON
NICK,CAMP
LYNNE,CAMPBELL
LUTHER,CAMPOS
LATOYA,CANADA
FREDRICK,CANADY
DELLA,CANALES
ARTURO,CANDELARIA
ALEJANDRO,CANFIELD
WENDELL,CANNON
SHERI,CANO
MARIANNE,CANTRELL
JULIUS,CANTU
JEREMIAH,CANTWELL
SHAUN,CANTY
OTIS,CAPPS
KARA,CARABALLO
JACQUELYN,CARAWAY
ERMA,CARBAJAL
BLANCA,CARBONE
ANGELO,CARD
ALEXIS,CARDEN
TREVOR,CARDENAS
ROXANNE,CARDER
OLIVER,CARDONA
MYRA,CARDOZA
MORGAN,CARDWELL
LUKE,CAREY
LETICIA,CARL
KRISTA,CARLIN
HOMER,CARLISLE
GERARD,CARLOS
DOUG,CARLSON
CAMERON,CARLTON
SADIE,CARMAN
ROSALIE,CARMICHAEL
ROBYN,CARMONA
KENNY,CARNAHAN
IRA,CARNES
HUBERT,CARNEY
BROOKE,CARO
BETHANY,CARON
BERNADETTE,CARPENTER
BENNIE,CARR
ANTONIA,CARRANZA
ANGELICA,CARRASCO
ALEXANDRA,CARRERA
ADRIENNE,CARRICO
TRACI,CARRIER
RACHAEL,CARRILLO
NICHOLE,CARRINGTON
MURIEL,CARRION
MATT,CARROLL
MABLE,CARSON
LYLE,CARSWELL
LAVERNE,CARTER
KENDRA,CARTWRIGHT
JASMINE,CARUSO
ERNESTINE,CARVALHO
CHELSEA,CARVER
ALFONSO,CARY
REX,CASAS
ORLANDO,CASE
OLLIE,CASEY
NEAL,CASH
MARCELLA,CASILLAS
LOREN,CASKEY
KRYSTAL,CASON
ERNESTO,CASPER
ELENA,CASS
CARLTON,CASSELL
BLAKE,CASSIDY
ANGELINA,CASTANEDA
WILBUR,CASTEEL
TAYLOR,CASTELLANO
SHELBY,CASTELLANOS
RUDY,CASTILLO
RODERICK,CASTLE
PAULETTE,CASTLEBERRY
PABLO,CASTRO
OMAR,CASWELL
NOEL,CATALANO
NADINE,CATES
LORENZO,CATHEY
LORA,CATO
LEIGH,CATRON
KARI,CAUDILL
HORACE,CAUDLE
GRANT,CAUSEY
ESTELLE,CAVANAUGH
DIANNA,CAVAZOS
WILLIS,CAVE
ROSEMARIE,CECIL
RICKEY,CENTENO
MONA,CERDA
KELLEY,CERVANTES
DOREEN,CHACON
DESIREE,CHADWICK
ABRAHAM,CHAFFIN
RUDOLPH,CHALMERS
PRESTON,CHAMBERLAIN
MALCOLM,CHAMBERLIN
KELVIN,CHAMBERS
JOHNATHAN,CHAMBLISS
JANIS,CHAMPAGNE
HOPE,CHAMPION
GINGER,CHAN
FREDA,CHANCE
DAMON,CHANDLER
CHRISTIE,CHANEY
CESAR,CHANG
BETSY,CHAPA
ANDRES,CHAPIN
WM,CHAPMAN
TOMMIE,CHAPPELL
TERI,CHARLES
ROBBIE,CHARLTON
MEREDITH,CHASE
MERCEDES,CHASTAIN
MARCO,CHATMAN
LYNETTE,CHAU
EULA,CHAVARRIA
CRISTINA,CHAVES
ARCHIE,CHAVEZ
ALTON,CHAVIS
SOPHIA,CHEATHAM
ROCHELLE,CHEEK
RANDOLPH,CHEN
PETE,CHENEY
MERLE,CHENG
MEGHAN,CHERRY
JONATHON,CHESSER
GRETCHEN,CHESTER
GERARDO,CHESTNUT
GEOFFREY,CHEUNG
GARRY,CHEW
FELIPE,CHILD
ELOISE,CHILDERS
ED,CHILDRESS
DOMINIC,CHILDS
DEVIN,CHILTON
CECELIA,CHIN
CARROLL,CHISHOLM
RAQUEL,CHISM
LUCAS,CHISOLM
JANA,CHITWOOD
HENRIETTA,CHO
GWEN,CHOATE
GUILLERMO,CHOI
EARNEST,CHONG
DELBERT,CHOW
COLIN,CHRISTENSEN
ALYSSA,CHRISTENSON
TRICIA,CHRISTIAN
TASHA,CHRISTIANSEN
SPENCER,CHRISTIANSON
RODOLFO,CHRISTIE
OLIVE,CHRISTMAN
MYRON,CHRISTMAS
JENNA,CHRISTOPHER
EDMUND,CHRISTY
CLEO,CHU
BENNY,CHUN
SOPHIE,CHUNG
SONJA,CHURCH
SILVIA,CHURCHILL
SALVATORE,CINTRON
PATTI,CISNEROS
MINDY,CLANCY
MAY,CLANTON
MANDY,CLAPP
LOWELL,CLARK
LORENA,CLARKE
LILA,CLARKSON
LANA,CLARY
KELLIE,CLAUSEN
KATE,CLAWSON
JEWEL,CLAY
GREGG,CLAYTON
GARRETT,CLEARY
ESSIE,CLEGG
ELVIRA,CLEM
DELIA,CLEMENS
DARLA,CLEMENT
CEDRIC,CLEMENTS
WILSON,CLEMMONS
SYLVESTER,CLEMONS
SHERMAN,CLEVELAND
SHARI,CLEVENGER
ROOSEVELT,CLICK
MIRANDA,CLIFFORD
MARTY,CLIFTON
MARTA,CLINE
LUCIA,CLINTON
LORENE,CLOSE
LELA,CLOUD
JOSEFINA,CLOUGH
JOHANNA,CLOUTIER
JERMAINE,COATES
JEANNIE,COATS
ISRAEL,COBB
FAITH,COBBS
ELSA,COBLE
DIXIE,COBURN
CAMILLE,COCHRAN
WINIFRED,COCHRANE
WILBERT,COCKRELL
TAMI,CODY
TABITHA,COE
SHAWNA,COFFEY
RENA,COFFIN
ORA,COFFMAN
NETTIE,COGGINS
MELBA,COHEN
MARINA,COHN
LELAND,COKER
KRISTIE,COLBERT
FORREST,COLBURN
ELISA,COLBY
EBONY,COLE
ALISHA,COLEMAN
AIMEE,COLES
TAMMIE,COLEY
SIMON,COLLADO
SHERRIE,COLLAZO
SAMMY,COLLEY
RONDA,COLLIER
PATRICE,COLLINS
OWEN,COLON
MYRNA,COLSON
MARLA,COLVIN
LATASHA,COLWELL
IRVING,COMBS
DALLAS,COMEAUX
CLARK,COMER
BRYANT,COMPTON
BONITA,COMSTOCK
AUBREY,CONAWAY
ADDIE,CONCEPCION
WOODROW,CONDON
STACIE,CONE
RUFUS,CONGER
ROSARIO,CONKLIN
REBEKAH,CONLEY
MARCOS,CONN
MACK,CONNELL
LUPE,CONNELLY
LUCINDA,CONNER
LOU,CONNERS
LEVI,CONNOLLY
LAURENCE,CONNOR
KRISTOPHER,CONNORS
JEWELL,CONOVER
JAKE,CONRAD
GUSTAVO,CONROY
FRANCINE,CONTE
ELLIS,CONTI
DREW,CONTRERAS
DORTHY,CONWAY
DELORIS,CONYERS
CHERI,COOK
CELESTE,COOKE
CARA,COOKS
ADRIANA,COOKSEY
ADELE,COOLEY
ABIGAIL,COOMBS
TRISHA,COON
TRINA,COONEY
TRACIE,COONS
SALLIE,COOPER
REBA,COPE
ORVILLE,COPELAND
NIKKI,COPLEY
NICOLAS,COPPOLA
MARISSA,CORBETT
LOURDES,CORBIN
LOTTIE,CORBITT
LIONEL,CORCORAN
LENORA,CORDELL
LAUREL,CORDERO
KERRI,CORDOVA
KELSEY,COREY
KARIN,CORLEY
JOSIE,CORMIER
JANELLE,CORNELIUS
ISMAEL,CORNELL
HELENE,CORNETT
GILBERTO,CORNISH
GALE,CORNWELL
FRANCISCA,CORONA
FERN,CORONADO
ETTA,CORRAL
ESTELLA,CORREA
ELVA,CORREIA
EFFIE,CORRIGAN
DOMINIQUE,CORTES
CORINNE,CORTEZ
CLINT,CORWIN
BRITTNEY,COSBY
AURORA,COSGROVE
WILFRED,COSTA
TOMAS,COSTELLO
TOBY,COTA
SHELDON,COTE
SANTOS,COTHRAN
MAUDE,COTTER
LESLEY,COTTON
JOSH,COTTRELL
JENIFER,COUCH
IVA,COUGHLIN
INGRID,COULTER
INA,COUNCIL
IGNACIO,COUNTS
HUGO,COURTNEY
GOLDIE,COUSINS
EUGENIA,COUTURE
ERVIN,COVERT
ERICK,COVEY
ELISABETH,COVINGTON
DEWEY,COWAN
CHRISTA,COWARD
CASSIE,COWART
CARY,COWELL
CALEB,COWLES
CAITLIN,COWLEY
BETTIE,COX
AL,COY
AIDA,COYLE
VAN,COYNE
THERESE,CRABTREE
TERENCE,CRADDOCK
TAMIKA,CRAFT
STEWART,CRAIG
SANTIAGO,CRAIN
ROSETTA,CRAMER
ROGELIO,CRANDALL
RAMIRO,CRANE
POLLY,CRANFORD
NOAH,CRAVEN
LORNA,CRAWFORD
LATONYA,CRAWLEY
KRIS,CRAYTON
JANETTE,CREAMER
ELIAS,CREECH
ELBERT,CREEL
DOYLE,CREIGHTON
DINA,CRENSHAW
DENA,CRESPO
DEBORA,CREWS
DARREL,CRIDER
DARNELL,CRISP
CONSUELO,CRIST
CONRAD,CRISWELL
CHERIE,CRITTENDEN
CAREY,CROCKER
CANDY,CROCKETT
BERT,CROFT
ALONZO,CROMER
TRUDY,CROMWELL
TERRELL,CRONIN
STEFANIE,CROOK
SHANNA,CROOKS
ROLANDO,CROSBY
PHIL,CROSS
PERCY,CROTEAU
PATRICA,CROUCH
NELL,CROUSE
LAMAR,CROW
KIMBERLEY,CROWDER
JILLIAN,CROWE
HELENA,CROWELL
GRADY,CROWLEY
FAY,CRUM
ESPERANZA,CRUMP
DOROTHEA,CRUSE
DEXTER,CRUTCHER
DEVON,CRUTCHFIELD
DEE,CRUZ
CORNELIUS,CUELLAR
CLAY,CUEVAS
CAROLINA,CULBERTSON
BRADFORD,CULLEN
SUSANNE,CULP
SAUL,CULPEPPER
ROMAN,CULVER
RANDAL,CUMMINGS
OLA,CUMMINS
MOSES,CUNNINGHAM
MOLLIE,CUPP
MICKEY,CURLEY
MARIBEL,CURRAN
LOUIE,CURRIE
KENDALL,CURRIER
JANINE,CURRY
IRVIN,CURTIN
DARIN,CURTIS
AMOS,CUSHMAN
ALISA,CUSTER
WINSTON,CUTLER
TIMMY,CYR
SUSANA,DABNEY
RACHELLE,DAHL
PETRA,DAIGLE
PAIGE,DAILEY
MICAH,DAILY
MARLON,DALE
LEOLA,DALEY
KEISHA,DALLAS
JONI,DALTON
JOLENE,DALY
JOCELYN,DAMICO
JERALD,DAMON
ISABELLE,DAMRON
IMOGENE,DANCY
GRACIELA,DANG
ESTER,DANGELO
EMMETT,DANIEL
EMILIO,DANIELS
EMIL,DANIELSON
EMANUEL,DANNER
ELISE,DARBY
ELIJAH,DARDEN
EDMOND,DARLING
DOMINICK,DARNELL
DOMINGO,DASILVA
DARRIN,DAUGHERTY
DAPHNE,DAUGHTRY
CECILE,DAVENPORT
BRENDAN,DAVID
BOYD,DAVIDSON
BETTE,DAVIES
ALTA,DAVILA
ABEL,DAVIS
WILL,DAVISON
URSULA,DAWKINS
TRENT,DAWSON
TONIA,DAY
TEDDY,DAYTON
STEPHAN,DEAL
SONDRA,DEAN
SHANA,DEATON
ROSALIND,DEBERRY
REYNALDO,DECKER
OTTO,DEES
MAYRA,DEHART
MARISOL,DEJESUS
MARISA,DELACRUZ
LOGAN,DELAGARZA
LIZZIE,DELANEY
LACEY,DELAROSA
KIRSTEN,DELATORRE
KERI,DELEON
JESS,DELGADILLO
JAYNE,DELGADO
JACLYN,DELL
HUMBERTO,DELLINGER
GRACIE,DELOACH
GLENNA,DELONG
GABRIELA,DELOSSANTOS
EMMANUEL,DELUCA
DEWAYNE,DELVALLE
DEMETRIUS,DEMARCO
CLARICE,DEMERS
CHARITY,DEMPSEY
CARMELA,DENHAM
BRET,DENNEY
BEATRIZ,DENNING
ADELINE,DENNIS
YOUNG,DENNISON
VICENTE,DENNY
SUMMER,DENSON
STACI,DENT
SHEENA,DENTON
SHAUNA,DEROSA
SAMMIE,DERR
ROYCE,DERRICK
RODGER,DESANTIS
MILLIE,DESIMONE
MILES,DEVINE
MARGRET,DEVITO
LUELLA,DEVLIN
LILY,DEVORE
LEA,DEVRIES
LAMONT,DEW
KATHARINE,DEWEY
JUSTINE,DEWITT
JODIE,DEXTER
JEANINE,DIAL
HEATH,DIAMOND
HARLEY,DIAS
GARLAND,DIAZ
GABRIELLE,DICK
FRIEDA,DICKENS
ETHAN,DICKERSON
ELMA,DICKEY
ELDON,DICKINSON
EFRAIN,DICKSON
CLAUDETTE,DIEHL
CHRISTI,DIETRICH
CATHLEEN,DIETZ
AUTUMN,DIGGS
ANGELINE,DILL
ANGELIA,DILLARD
WINNIE,DILLON
WILLA,DINKINS
SYBIL,DION
STERLING,DIX
SOCORRO,DIXON
SELMA,DO
ROCKY,DOAN
PIERRE,DOBBINS
MAVIS,DOBBS
MARTINA,DOBSON
MARITZA,DOCKERY
MARGO,DODD
MARCY,DODDS
MANUELA,DODGE
LUISA,DODSON
LUCILE,DOE
LORIE,DOHERTY
LEANNE,DOLAN
LARA,DOLL
LADONNA,DOLLAR
JUNIOR,DOMINGO
JEANNINE,DOMINGUEZ
IVY,DOMINQUEZ
GROVER,DONAHUE
GERRY,DONALD
FREDDY,DONALDSON
ELTON,DONATO
ELI,DONNELL
DYLAN,DONNELLY
DOLLY,DONOHUE
DEANA,DONOVAN
DAMIAN,DOOLEY
CLEVELAND,DOOLITTLE
CHUCK,DORAN
CHASE,DORMAN
CALLIE,DORN
BRYCE,DORRIS
BOBBI,DORSEY
ANTOINE,DORTCH
AILEEN,DOSS
ABBY,DOTSON
VIRGIE,DOTY
SYDNEY,DOUCETTE
STAN,DOUGHERTY
SIMONE,DOUGHTY
RUSSEL,DOUGLAS
REUBEN,DOUGLASS
RANDI,DOVE
QUENTIN,DOVER
OFELIA,DOW
MURRAY,DOWD
MONTE,DOWDY
MEAGAN,DOWELL
MATILDA,DOWLING
MAGDALENA,DOWNEY
LEONARDO,DOWNING
LEILA,DOWNS
LEANN,DOYLE
LATISHA,DOZIER
KASEY,DRAKE
JERI,DRAPER
JASPER,DRAYTON
HANS,DREW
GEORGINA,DRISCOLL
ERWIN,DRIVER
ERNIE,DRUMMOND
ELIZA,DRURY
CURT,DUARTE
CRUZ,DUBE
CORNELIA,DUBOIS
BRIDGETTE,DUBOSE
BLAINE,DUCKETT
BIANCA,DUCKWORTH
BETTYE,DUDLEY
BENITO,DUFF
BARBRA,DUFFY
AUGUST,DUGAN
AUDRA,DUGAS
AGUSTIN,DUGGAN
WILFREDO,DUGGER
VANCE,DUKE
VALARIE,DUKES
TYSON,DUMAS
TIA,DUMONT
TERRIE,DUNAWAY
SON,DUNBAR
SHARRON,DUNCAN
RUTHIE,DUNHAM
ROSALYN,DUNLAP
RHODA,DUNN
RAE,DUNNE
NOLA,DUNNING
NELDA,DUONG
MINERVA,DUPONT
MICHEL,DUPRE
MIA,DUPREE
LILLY,DUPUIS
LIDIA,DURAN
LETHA,DURAND
LENORE,DURANT
JOAQUIN,DURBIN
JARROD,DURDEN
JAMI,DURHAM
JAMAL,DURKIN
ILA,DURR
HILARY,DUTTON
HARRISON,DUVAL
HARLAN,DUVALL
HALEY,DWYER
GRETA,DYE
GREGORIO,DYER
FLOSSIE,DYKES
ESTELA,DYSON
ERICKA,EAGLE
ELNORA,EARL
ELLIOTT,EARLE
ELLIOT,EARLEY
EARLINE,EARLS
DONA,EARLY
DESMOND,EARNEST
DENIS,EASLEY
DARWIN,EASON
DAMIEN,EAST
CORRINE,EASTER
CONCEPCION,EASTERLING
CLARISSA,EASTMAN
CHANDRA,EASTON
CATALINA,EATON
BURTON,EAVES
BUDDY,EBERT
BRIANNA,ECHEVARRIA
BRADY,ECHOLS
BERNADINE,ECKERT
BART,EDDY
AVA,EDGAR
ARIEL,EDGE
ALI,EDMOND
ALEXANDRIA,EDMONDS
ADOLFO,EDMONDSON
ADELA,EDWARD
ZELMA,EDWARDS
YONG,EGAN
XAVIER,EGGLESTON
WILLIAMS,ELAM
TANIA,ELDER
TAMEKA,ELDRIDGE
TABATHA,ELIAS
SOLOMON,ELIZONDO
SOFIA,ELKINS
SERENA,ELLER
SCOTTY,ELLINGTON
SAUNDRA,ELLIOT
ROSCOE,ELLIOTT
RORY,ELLIS
ROD,ELLISON
ROB,ELLSWORTH
QUINTON,ELMORE
PENELOPE,ELROD
PEARLIE,ELSTON
ODESSA,ELY
ODELL,EMANUEL
NOREEN,EMBRY
NORBERT,EMERSON
NOLAN,EMERY
NEVA,EMMONS
NANNIE,ENG
MOISES,ENGEL
MILAGROS,ENGLAND
MELISA,ENGLE
MARYLOU,ENGLISH
MARLIN,ENNIS
MALINDA,ENOS
LORAINE,ENRIGHT
LACY,ENRIQUEZ
KERMIT,EPPERSON
KENDRICK,EPPS
KARINA,EPSTEIN
JEANIE,ERDMANN
HILLARY,ERICKSON
HARRIETT,ERNST
HAL,ERVIN
EVE,ERWIN
ESTEBAN,ESCALANTE
ESMERALDA,ESCAMILLA
EMILIA,ESCOBAR
ELWOOD,ESCOBEDO
ELVIN,ESPARZA
DARIUS,ESPINAL
BRAIN,ESPINO
BLAIR,ESPINOSA
BENITA,ESPINOZA
AVIS,ESPOSITO
ASHLEE,ESQUIVEL
ANTON,ESTEP
AMIE,ESTES
ALVA,ESTRADA
ALLYSON,ESTRELLA
ALLIE,ETHERIDGE
THURMAN,ETHRIDGE
THADDEUS,EUBANKS
TANISHA,EVANS
SELENA,EVERETT
RUSTY,EVERHART
ROSALINDA,EVERS
RICKIE,EVERSON
REGGIE,EWING
RAPHAEL,EZELL
NOEMI,FABER
NITA,FABIAN
NED,FAGAN
MONTY,FAHEY
MASON,FAIN
MARCIE,FAIR
MARCEL,FAIRBANKS
MALLORY,FAIRCHILD
LOUISA,FAIRLEY
LORRIE,FAISON
LIZA,FAJARDO
LILIA,FALCON
KATY,FALK
JULIANNE,FALLON
JOESPH,FALLS
JERRI,FANNING
JEFFRY,FARIAS
JACKSON,FARLEY
GRAHAM,FARMER
GAY,FARNSWORTH
FIDEL,FARR
FABIAN,FARRAR
ELISHA,FARRELL
ELINOR,FARRINGTON
EARNESTINE,FARRIS
EARLENE,FARROW
DARCY,FAULK
DANE,FAULKNER
CLIFF,FAUST
CLARE,FAY
CARMELLA,FEENEY
CARLENE,FELDER
BRYON,FELDMAN
AVERY,FELICIANO
ARMAND,FELIX
ANNABELLE,FELLOWS
ALVARO,FELTON
ALTHEA,FELTS
ALEJANDRA,FENNELL
ALANA,FENNER
YESENIA,FENTON
WILEY,FERGUSON
VAUGHN,FERNANDES
VALERIA,FERNANDEZ
TY,FERRARA
TRINIDAD,FERRARI
TAMMI,FERRARO
SUZETTE,FERREIRA
ROXIE,FERRELL
ROSLYN,FERRER
RODRIGO,FERRIS
ROCCO,FERRY
RIGOBERTO,FIELD
OPHELIA,FIELDER
NUMBERS,FIELDS
NORRIS,FIERRO
NONA,FIFE
NOE,FIGUEROA
NANETTE,FINCH
NADIA,FINCHER
MITZI,FINDLEY
MILLARD,FINE
MELVA,FINK
MARYANNE,FINLEY
MARICELA,FINN
MARI,FINNEGAN
MARGERY,FINNEY
MADGE,FIORE
LUANN,FISCHER
LOYD,FISH
LINA,FISHER
LILIAN,FISHMAN
LAWANDA,FISK
LAVONNE,FITCH
LAVERN,FITE
LANE,FITTS
LAKISHA,FITZGERALD
KIRBY,FITZPATRICK
KENYA,FITZSIMMONS
KAYE,FLAGG
KATHRINE,FLAHERTY
KATHIE,FLANAGAN
JULIANA,FLANDERS
IVORY,FLANIGAN
ISAIAH,FLANNERY
ILENE,FLECK
HOLLIS,FLEMING
GUS,FLEMMING
GONZALO,FLETCHER
GEORGETTE,FLINT
FRAN,FLOOD
EVANGELINE,FLORA
EDWINA,FLORENCE
DOLLIE,FLORES
DION,FLOREZ
DIEGO,FLOURNOY
DERICK,FLOWERS
DENNY,FLOYD
DEANNE,FLYNN
CORINE,FOGARTY
COLETTE,FOGG
CLAUDINE,FOGLE
CLAIR,FOLEY
CHRYSTAL,FOLSE
CHONG,FOLSOM
CHARMAINE,FOLTZ
ALPHONSO,FONG
ALISSA,FONSECA
ALINE,FONTAINE
ADOLPH,FONTENOT
WENDI,FOOTE
WARD,FORBES
VINCE,FORD
VILMA,FOREMAN
VERN,FOREST
ULYSSES,FORET
TRISTAN,FORMAN
TESSA,FORNEY
SUSANNA,FORREST
SHEREE,FORRESTER
SEBASTIAN,FORSTER
SCOT,FORSYTH
SAVANNAH,FORSYTHE
SASHA,FORT
ROSELLA,FORTE
ROSEANN,FORTENBERRY
ROSANNE,FORTIER
ROMEO,FORTIN
RILEY,FORTNER
REVA,FORTUNE
REED,FOSS
QUINCY,FOSTER
NICKOLAS,FOUNTAIN
NATALIA,FOURNIER
MERRILL,FOUST
MAYNARD,FOWLER
MAXWELL,FOX
MAURICIO,FOY
MARVA,FRALEY
MARIETTA,FRAME
MARCI,FRANCE
MADELYN,FRANCIS
LYNNETTE,FRANCISCO
LILIANA,FRANCO
LESSIE,FRANCOIS
LEONOR,FRANK
LAKEISHA,FRANKLIN
KATELYN,FRANKS
JULIETTE,FRANTZ
JOSEFA,FRANZ
JOHNIE,FRASER
JEFFERSON,FRASIER
JAYSON,FRAZER
JARVIS,FRAZIER
JANNA,FREDERICK
ISSAC,FREDERICKS
IMELDA,FREDRICK
HIRAM,FREDRICKSON
HERIBERTO,FREE
GENA,FREED
GAVIN,FREEDMAN
FEDERICO,FREEMAN
EMERY,FREESE
ELVIS,FREITAS
ELVIA,FRENCH
EDDY,FREUND
DUSTY,FREY
DONOVAN,FRIAS
DONNELL,FRICK
DEIRDRE,FRIEDMAN
DEIDRE,FRIEND
DEENA,FRIERSON
DAVIS,FRIES
DANTE,FRITZ
COY,FRIZZELL
CORINA,FROST
COLE,FRY
COLBY,FRYE
CLEMENT,FRYER
CHASITY,FUCHS
CARLY,FUENTES
BRUNO,FUGATE
BRIANA,FULCHER
BERTA,FULLER
BERNIE,FULLERTON
BERNARDO,FULMER
BASIL,FULTON
AURELIA,FULTZ
AUGUSTINE,FUNDERBURK
AUGUSTA,FUNK
ARLINE,FUQUA
ARACELI,FURMAN
ANASTASIA,FURR
AMALIA,FUSCO
ALYCE,GABLE
WINFRED,GABRIEL
WILDA,GADDIS
WELDON,GADDY
VITO,GAFFNEY
TWILA,GAGE
TRUMAN,GAGNE
TRENTON,GAGNON
TISHA,GAINES
TAMRA,GAINEY
TAMERA,GAITHER
STEVIE,GALARZA
STEFAN,GALBRAITH
SILAS,GALE
SANFORD,GALINDO
ROWENA,GALLAGHER
ROSANNA,GALLANT
RHEA,GALLARDO
REYNA,GALLEGOS
QUEEN,GALLO
PHOEBE,GALLOWAY
NESTOR,GALVAN
MILLICENT,GALVEZ
MERLIN,GALVIN
MAURA,GAMBLE
MARYELLEN,GAMBOA
MARQUITA,GAMEZ
MARIANA,GANDY
MARCELINO,GANN
MARA,GANNON
MAI,GANT
MADELEINE,GANTT
LOLITA,GARAY
LIZ,GARBER
LINWOOD,GARCIA
LELIA,GARDINER
LEANNA,GARDNER
LAURI,GARLAND
KURTIS,GARMON
KATINA,GARNER
KATHERYN,GARNETT
KARYN,GARRETT
KAITLIN,GARRIS
JULIET,GARRISON
JOHNATHON,GARVEY
JANNIE,GARVIN
JANELL,GARY
JAME,GARZA
JACKLYN,GASKIN
ISIDRO,GASKINS
IRWIN,GASS
INES,GASTON
HUNTER,GATES
HOLLIE,GATEWOOD
HESTER,GATLIN
HELGA,GAULT
HARRIS,GAUTHIER
HALLIE,GAVIN
GILDA,GAY
GALEN,GAYLORD
FREIDA,GEARY
FREDERIC,GEE
FRANCESCA,GEER
FLORINE,GEIGER
FANNY,GENTILE
EVANGELINA,GENTRY
ERNA,GEORGE
ENID,GERALD
DUDLEY,GERARD
DONNY,GERBER
DIONNE,GERMAN
DICK,GETZ
DIANN,GIBBONS
DENVER,GIBBS
DELMAR,GIBSON
CONCETTA,GIFFORD
COLLIN,GIL
COLEEN,GILBERT
CHERRY,GILBERTSON
CHARLEY,GILBREATH
CATHRYN,GILCHRIST
CASANDRA,GILES
CARTER,GILL
CARROL,GILLEN
CARMELO,GILLESPIE
CARLO,GILLETTE
CARISSA,GILLEY
BROCK,GILLIAM
BRITNEY,GILLILAND
BRIGITTE,GILLIS
BRIDGETT,GILMAN
BERYL,GILMER
BERTIE,GILMORE
BEAU,GILSON
BARNEY,GINN
AURELIO,GIORDANO
ART,GIPSON
ANNMARIE,GIRARD
ANGELITA,GIRON
ANGELIQUE,GIROUX
AMPARO,GIST
ALYSON,GIVENS
ALFREDA,GLADDEN
ALBA,GLADNEY
AISHA,GLASER
ZELDA,GLASGOW
ZACHERY,GLASS
WILMER,GLAZE
WILFORD,GLEASON
VONDA,GLENN
TORI,GLOVER
THERON,GLYNN
TERRA,GOAD
SONNY,GOBLE
SIERRA,GODDARD
SHELTON,GODFREY
SHARLENE,GODINEZ
SELINA,GODWIN
SCOTTIE,GOEBEL
SANG,GOETZ
ROSALIA,GOFF
ROCIO,GOFORTH
ROBBY,GOINS
RENAE,GOLD
REFUGIO,GOLDBERG
RAYMUNDO,GOLDEN
PASQUALE,GOLDMAN
PANSY,GOLDSMITH
PAMALA,GOLDSTEIN
OCTAVIO,GOMES
OCTAVIA,GOMEZ
NOELLE,GONSALVES
NELLY,GONZALES
NAN,GONZALEZ
MONROE,GOOCH
MONIKA,GOOD
MOHAMMAD,GOODE
MINA,GOODEN
MICHELL,GOODIN
MICHAELA,GOODING
MELLISA,GOODMAN
MARIANO,GOODRICH
MARGOT,GOODSON
MA,GOODWIN
LOUELLA,GOOLSBY
LINCOLN,GORDON
LIBBY,GORE
LETITIA,GORHAM
LETA,GORMAN
LESA,GOSS
LEONEL,GOSSETT
LEEANN,GOUGH
LATANYA,GOULD
LASHONDA,GOULET
LANDON,GRACE
LAKESHA,GRACIA
KITTY,GRADY
KIMBERLEE,GRAF
KATHI,GRAFF
KAITLYN,GRAGG
JUSTINA,GRAHAM
JUDI,GRANADOS
JOSUE,GRANGER
JASMIN,GRANT
JADE,GRANTHAM
JACQUES,GRAVES
ISABELLA,GRAY
HUNG,GRAYSON
HOUSTON,GREATHOUSE
HONG,GRECO
HERMINIA,GREEN
GUSSIE,GREENBERG
GERMAN,GREENE
GERMAINE,GREENFIELD
GERI,GREENLEE
GENARO,GREENWOOD
GAYLA,GREER
FLETCHER,GREGG
FELECIA,GREGORY
ERROL,GREINER
EMORY,GRENIER
EMILIE,GRESHAM
EMERSON,GREY
ELDA,GRICE
ELBA,GRIDER
EDYTHE,GRIER
EDWARDO,GRIFFIN
DORIAN,GRIFFIS
DORETHA,GRIFFITH
DIRK,GRIFFITHS
DESSIE,GRIGGS
DENICE,GRIGSBY
DEIDRA,GRIMES
DEANN,GRIMM
DAYNA,GRISHAM
DAREN,GRISSOM
DANIAL,GRISWOLD
DALTON,GROCE
CORTNEY,GROGAN
CORNELL,GROOMS
CHELSEY,GROSS
CELINA,GROSSMAN
CARYN,GROVE
CARSON,GROVER
CAMILLA,GROVES
BUFORD,GRUBB
BRANDIE,GRUBBS
BRANDEN,GRUBER
BOOKER,GUAJARDO
BEVERLEY,GUENTHER
BENNETT,GUERIN
ASHLEIGH,GUERRA
ARRON,GUERRERO
ANTONY,GUESS
ANTIONETTE,GUEST
ALLENE,GUEVARA
ADELAIDE,GUFFEY
ADAN,GUIDRY
ABBIE,GUILLEN
ZANE,GUILLORY
WINONA,GUINN
WILHELMINA,GULLEY
WILBURN,GUNDERSON
VIRGINA,GUNN
VIDA,GUNTER
VERNICE,GUNTHER
VERDA,GURLEY
VEDA,GUSTAFSON
VALENTIN,GUTHRIE
TREVA,GUTIERREZ
TILLIE,GUY
THEODORA,GUYTON
THEO,GUZMAN
THANH,HA
THAD,HAAG
TESSIE,HAAS
TERESITA,HAASE
TERA,HACKER
TAWANA,HACKETT
TARYN,HACKNEY
SUNG,HADDEN
SUN,HADLEY
SOLEDAD,HAGAN
SHONDA,HAGEN
SHIELA,HAGER
SHELLIE,HAGGARD
SEYMOUR,HAGGERTY
RUSS,HAHN
ROSITA,HAIGHT
ROSALEE,HAILEY
RONNY,HAINES
ROBBIN,HAIR
RICH,HAIRSTON
RETHA,HALCOMB
REID,HALE
REBECA,HALES
RANDELL,HALEY
RACHEAL,HALL
PORTIA,HALLER
PATTIE,HALLMAN
PARIS,HALSEY
OMA,HALSTEAD
NILDA,HALVERSON
MYLES,HAM
MORTON,HAMBLIN
MOHAMMED,HAMBY
MITCHEL,HAMEL
MINH,HAMER
MIGDALIA,HAMILTON
MERVIN,HAMLIN
MERRY,HAMM
MAURINE,HAMMER
MAUDIE,HAMMETT
MARYJANE,HAMMOND
MARYBETH,HAMMONDS
MARISELA,HAMMONS
MARILYNN,HAMPTON
MARIANNA,HAMRICK
MALISSA,HAN
MAJOR,HANCOCK
LUCRETIA,HAND
LUCIEN,HANDLEY
LUCIANO,HANDY
LONA,HANES
LON,HANEY
LEORA,HANKINS
LAZARO,HANKS
LATRICE,HANLEY
LASHAWN,HANLON
KRYSTLE,HANNA
KENNITH,HANNAH
KARRIE,HANNAN
JONAS,HANNON
JENA,HANSEN
JEANNA,HANSON
JARRETT,HARBIN
JAQUELINE,HARDAWAY
JANEL,HARDEE
JAMEY,HARDEN
JAMEL,HARDER
JACQULINE,HARDESTY
IVETTE,HARDIN
IONA,HARDING
IOLA,HARDISON
HORTENCIA,HARDMAN
HERSCHEL,HARDWICK
HANNA,HARDY
GUILLERMINA,HARE
GRISELDA,HARGIS
GIOVANNI,HARGRAVE
GARTH,HARGROVE
FREEMAN,HARKINS
FOREST,HARLAN
FERDINAND,HARLEY
FATIMA,HARLOW
EZRA,HARMAN
EUGENIO,HARMON
ERNESTINA,HARMS
ERICH,HARNESS
ELOISA,HARP
ELIDA,HARPER
ELIA,HARR
ELEANORE,HARRELL
DUNCAN,HARRINGTON
DOTTIE,HARRIS
DINAH,HARRISON
DESTINY,HARRY
DEON,HART
DEMETRIA,HARTER
DELPHINE,HARTLEY
DELMA,HARTMAN
DELILAH,HARTMANN
DEBBY,HARTWELL
DARA,HARVEY
DANNA,HARWELL
DANIELA,HARWOOD
DANETTE,HASKELL
CYRUS,HASKINS
CYRIL,HASS
CINDI,HASSELL
CHUNG,HASTINGS
CHRISTIN,HATCH
CHRISTEN,HATCHER
CHLOE,HATCHETT
CHI,HATFIELD
CHANTEL,HATHAWAY
CHANCE,HATLEY
CHADWICK,HATTON
CELESTINE,HAUGEN
CATRINA,HAUSER
CARMINE,HAVENS
CARI,HAWES
CAREN,HAWK
BROOKS,HAWKINS
BRITT,HAWKS
BRIANNE,HAWLEY
BIRDIE,HAWTHORNE
BESS,HAY
BERRY,HAYDEN
BELLE,HAYES
ATHENA,HAYNES
ARNULFO,HAYS
ARLEEN,HAYWARD
ANDERSON,HAYWOOD
ALPHONSE,HAZEL
ALENE,HEAD
ALECIA,HEADLEY
ALDO,HEADRICK
AGATHA,HEALEY
ADRIANNE,HEALY
ADELINA,HEARD
ABDUL,HEARN
ZOILA,HEATH
ZOE,HEATON
ZENAIDA,HEBERT
ZELLA,HECK
WYATT,HECKMAN
WILTON,HEDGES
WESTON,HEDRICK
VESTA,HEFFNER
VERNELL,HEFLIN
VENUS,HEFNER
VALENTINE,HEIM
VALENCIA,HEIN
VAL,HEINRICH
VADA,HEINZ
UNA,HELD
TREY,HELLER
TORY,HELM
TOMASA,HELMS
TIFFANI,HELTON
TIARA,HEMBREE
TANNER,HEMPHILL
TANA,HENDERSON
TAMELA,HENDON
SUZAN,HENDRICK
SOL,HENDRICKS
SHAYLA,HENDRICKSON
SHANDA,HENDRIX
SANTA,HENKE
SANDI,HENLEY
SAMATHA,HENNESSEY
RUBIN,HENNING
ROYAL,HENRY
ROXANNA,HENSLEY
ROXANA,HENSON
ROSENDO,HER
ROSEANNE,HERBERT
RODRICK,HEREDIA
RICO,HERMAN
RETA,HERMANN
RENITA,HERNANDEZ
REINALDO,HERNDON
REINA,HERR
RAFAELA,HERRERA
QUINN,HERRICK
PRICILLA,HERRIN
PILAR,HERRING
PHILLIS,HERRINGTON
PEARLINE,HERRMANN
PAULINA,HERRON
PARKER,HERSHBERGER
OSVALDO,HERZOG
ORALIA,HESS
OLIN,HESTER
NORMAND,HEWITT
NORBERTO,HEYWARD
NIGEL,HIATT
NICKY,HIBBARD
NAPOLEON,HICKEY
MITCH,HICKMAN
MISSY,HICKS
MIRNA,HICKSON
MILFORD,HIDALGO
MICHAL,HIGDON
MELODIE,HIGGINBOTHAM
MELLISSA,HIGGINS
MAYME,HIGGS
MAYA,HIGH
MATILDE,HIGHTOWER
MARQUIS,HILDEBRAND
MARJORY,HILDRETH
MARGE,HILL
MARGARITO,HILLARD
MARCELA,HILLER
MANDI,HILLIARD
MADONNA,HILLMAN
LYN,HILLS
LYMAN,HILTON
LURA,HIMES
LUCIO,HINDMAN
LORRI,HINDS
LETTIE,HINES
LES,HINKLE
LEOTA,HINOJOSA
LEOPOLDO,HINSON
LEMUEL,HINTON
LAURETTA,HIRSCH
LARISSA,HITCHCOCK
LANNY,HITE
KYLIE,HITT
KRISTAL,HO
KISHA,HOANG
KIRA,HOBBS
KIETH,HOBSON
KERRIE,HODGE
KAREEM,HODGES
JUNG,HODGSON
JULES,HOFF
JUDSON,HOFFMAN
JOSIAH,HOFFMANN
JOSEF,HOGAN
JERROD,HOGG
JEROLD,HOGUE
JAYME,HOKE
JARRED,HOLBROOK
JAMAR,HOLCOMB
JAMAAL,HOLCOMBE
JAE,HOLDEN
ISIAH,HOLDER
ISABELL,HOLGUIN
IONE,HOLIDAY
INDIA,HOLLAND
HERSHEL,HOLLENBECK
HAYDEE,HOLLEY
HARRIETTE,HOLLIDAY
GISELA,HOLLINGSWORTH
GINO,HOLLINS
GILLIAN,HOLLIS
GIL,HOLLOMAN
FRITZ,HOLLOWAY
FOSTER,HOLLY
FLOR,HOLM
FILOMENA,HOLMAN
FELICITA,HOLMES
FAUSTINO,HOLT
EVETTE,HOLTON
EVERETTE,HOLTZ
ERLINDA,HOMAN
EMILE,HOMER
ELYSE,HONEYCUTT
ELOY,HONG
ELOUISE,HOOD
ELMO,HOOK
ELLIE,HOOKER
ELISSA,HOOKS
ELISEO,HOOPER
EFREN,HOOVER
EDGARDO,HOPE
EARLE,HOPKINS
DORRIS,HOPPE
DONN,HOPPER
DOMINGA,HOPSON
DINO,HORAN
DEWITT,HORN
DELOIS,HORNE
DEANDRE,HORNER
DANNIE,HORNSBY
DAMARIS,HOROWITZ
DALIA,HORSLEY
CRISTY,HORTON
CORI,HORVATH
COLEMAN,HOSKINS
CLAUDIO,HOSTETLER
CHRISTOPER,HOUCK
CHRISTAL,HOUGH
CHARLA,HOUGHTON
CHANG,HOULE
CATHRINE,HOUSE
CATHARINE,HOUSER
CARMELITA,HOUSTON
CARMEL,HOWARD
CARIDAD,HOWE
CANDIDA,HOWELL
BURT,HOWERTON
BRENTON,HOWES
BREANNA,HOWLAND
BRANT,HOY
BORIS,HOYLE
BETTINA,HOYT
BERNIECE,HSU
BELVA,HUANG
BELLA,HUBBARD
BARTON,HUBER
BARB,HUBERT
ARON,HUDDLESTON
ARETHA,HUDGENS
ANTWAN,HUDGINS
ANNETTA,HUDSON
ANNEMARIE,HUERTA
ALVINA,HUEY
ALINA,HUFF
ALFONZO,HUFFMAN
ALEXA,HUGGINS
ALETHA,HUGHES
ALEC,HUGHEY
ALDEN,HULL
AHMAD,HULSEY
ABE,HUMES
ZACHARIAH,HUMMEL
YADIRA,HUMPHREY
WILLY,HUMPHREYS
WERNER,HUMPHRIES
WALKER,HUNDLEY
WALDO,HUNT
VIVIANA,HUNTER
VIOLETA,HUNTINGTON
VIKKI,HUNTLEY
VERLA,HURD
VENESSA,HURLEY
VELDA,HURST
VALORIE,HURT
VALENTINA,HURTADO
TYRON,HUSKEY
TYRELL,HUSSEY
TYREE,HUSTON
TYRA,HUTCHENS
TWYLA,HUTCHERSON
TRISTA,HUTCHESON
TOSHA,HUTCHINGS
TONJA,HUTCHINS
TOD,HUTCHINSON
TOBIAS,HUTCHISON
TIANA,HUTSON
THEDA,HUTTO
THEA,HUTTON
TEODORO,HUYNH
TENA,HWANG
TATIANA,HYATT
TAD,HYDE
SUZANNA,HYLAND
SUNNY,HYLTON
STEPHENIE,HYMAN
STEPHANY,HYNES
STANFORD,IBARRA
STACIA,INGLE
SHELLI,INGRAHAM
SHAYNE,INGRAM
SHARYN,INMAN
SHARONDA,IRBY
SHANTEL,IRELAND
SHANON,IRISH
SAL,IRIZARRY
SABINA,IRONS
RUPERT,IRVIN
ROXANN,IRVINE
ROSELYN,IRVING
ROSALINA,IRWIN
ROSALBA,ISAAC
ROMONA,ISAACS
ROMA,ISAACSON
ROLLAND,ISBELL
ROBT,ISOM
RICHIE,ISON
RICHELLE,ISRAEL
REYES,IVERSON
RENATE,IVES
RENATA,IVEY
RAVEN,IVORY
RALEIGH,IVY
QUINTIN,JACK
PRINCESS,JACKMAN
PRINCE,JACKS
PRECIOUS,JACKSON
PORFIRIO,JACOB
PHILOMENA,JACOBS
PERLA,JACOBSEN
OTHA,JACOBSON
ORVAL,JACOBY
OREN,JACQUES
ONA,JAEGER
OMER,JAMES
OLETA,JAMESON
OLEN,JAMISON
ODIS,JANES
NOBLE,JANKOWSKI
NIKITA,JANSEN
NIKI,JANSSEN
NICKI,JARAMILLO
NEWTON,JARRELL
NEREIDA,JARRETT
NEDRA,JARVIS
NATHALIE,JASPER
NAKIA,JAY
MYRTIS,JAYNES
MOZELLE,JEAN
MOSHE,JEFFERIES
MOHAMED,JEFFERS
MISTI,JEFFERSON
MIMI,JEFFERY
MILO,JEFFREY
MIKEL,JEFFRIES
MICAELA,JENKINS
MI,JENNINGS
MELVINA,JENSEN
MEL,JENSON
MEI,JERNIGAN
MCKINLEY,JESSUP
MAXIMO,JETER
MAURO,JETT
MAUD,JEWELL
MARLYS,JEWETT
MARLYN,JIMENEZ
MARLENA,JOBE
MARKUS,JOE
MARIAM,JOHANSEN
MARIAH,JOHN
MARCELO,JOHNS
MARCELLE,JOHNSON
MAN,JOHNSTON
MAJORIE,JOINER
MAGDA,JOLLEY
MAC,JOLLY
LYNDON,JONES
LUCILA,JORDAN
LUANNE,JORDON
LOUANN,JORGENSEN
LORINE,JORGENSON
LIZETTE,JOSE
LINDY,JOSEPH
LIA,JOY
LEONORA,JOYCE
LEONE,JOYNER
LENNY,JUAREZ
LENARD,JUDD
LEILANI,JUDE
LAWERENCE,JUDGE
LATRICIA,JUDKINS
LATONIA,JULIAN
LAQUITA,JUNG
LAN,JUSTICE
KYLA,JUSTUS
KORY,KAHN
KIP,KAISER
KIA,KAMINSKI
KEVEN,KANE
KESHIA,KANG
KESHA,KAPLAN
KENTON,KARR
KEENAN,KASPER
KARON,KATZ
KAROL,KAUFFMAN
JULIANNA,KAUFMAN
JULI,KAY
JUDE,KAYE
JOVITA,KEANE
JOSETTE,KEARNEY
JONAH,KEARNS
JOHNNA,KEATING
JOELLE,KEATON
JESICA,KECK
JERROLD,KEE
JEFFEREY,KEEFE
JED,KEEFER
JEANA,KEEGAN
JANNETTE,KEEL
JAMISON,KEELER
JACQUELIN,KEELING
JACQUE,KEEN
IVONNE,KEENAN
ISAIAS,KEENE
IMA,KEENER
IDELLA,KEENEY
HUEY,KEETON
HORACIO,KEITH
HIPOLITO,KELLEHER
HILTON,KELLER
HILDEGARD,KELLEY
HILARIO,KELLOGG
HERLINDA,KELLUM
HELLEN,KELLY
HAYLEY,KELSEY
HASSAN,KELSO
HANK,KEMP
GREGORIA,KEMPER
GIUSEPPE,KENDALL
GINNY,KENDRICK
GERTIE,KENNEDY
GERRI,KENNEY
GERALDO,KENNY
GEORGIANNA,KENT
GEORGIANA,KENYON
GENOVEVA,KERN
GAYE,KERNS
GARFIELD,KERR
GABRIELLA,KESSLER
FREDRIC,KETCHUM
FLOY,KEY
FLORENCIO,KEYES
FERMIN,KEYS
FABIOLA,KEYSER
EULALIA,KHAN
ENOCH,KIDD
EASTER,KIDWELL
DWAIN,KIEFER
DULCE,KILGORE
DOVIE,KILLIAN
DORTHA,KILPATRICK
DORENE,KIM
DORCAS,KIMBALL
DONTE,KIMBLE
DONG,KIMBRELL
DILLON,KIMBROUGH
DEMARCUS,KIMMEL
DELMER,KINARD
DELFINA,KINCAID
DEBRAH,KINDER
DEBI,KING
DARRICK,KINGSLEY
DARLEEN,KINNEY
DARIO,KINSEY
DANITA,KIRBY
DANELLE,KIRCHNER
DAMION,KIRK
CRISTAL,KIRKLAND
CORRIE,KIRKPATRICK
CORDELIA,KIRKWOOD
COLUMBUS,KISER
COLLETTE,KISH
CLETUS,KITCHEN
CLEMENTINE,KITCHENS
CHIQUITA,KLEIN
CHET,KLINE
CHAUNCEY,KLINGER
CHASTITY,KNAPP
CHARLINE,KNIGHT
CHARLEEN,KNOLL
CHANTAL,KNOTT
CHANEL,KNOTTS
CANDI,KNOWLES
BURL,KNOWLTON
BUD,KNOX
BRICE,KNUDSEN
BRENNA,KNUDSON
BRENDON,KNUTSON
BRADLY,KOCH
BO,KOEHLER
BERTRAM,KOENIG
BELEN,KOHL
BARRETT,KOHLER
AURA,KOHN
AUGUSTUS,KOLB
ASIA,KONG
ARIANA,KOONCE
ANTONETTE,KOONTZ
ANTONE,KOPP
ANNAMARIE,KOVACH
ANISSA,KOWALSKI
ANIBAL,KOZAK
ANDRIA,KOZLOWSKI
ANDRA,KRAFT
AMADO,KRAMER
ALPHA,KRAUS
ALAINA,KRAUSE
AHMED,KRAUSS
ADELL,KREBS
ADALBERTO,KRIEGER
ABRAM,KROLL
ZORAIDA,KRUEGER
ZOLA,KRUG
ZACKARY,KRUGER
ZACK,KRUSE
YOSHIKO,KUHN
YOLONDA,KUNKEL
YASMIN,KUNTZ
XIOMARA,KUNZ
WINNIFRED,KURTZ
WINFORD,KUYKENDALL
WINDY,KYLE
WILLIAN,LABBE
WILBER,LABELLE
WES,LACEY
WAYLON,LACHANCE
WARNER,LACKEY
WALTON,LACROIX
WALLY,LACY
VON,LADD
VIRGILIO,LADNER
VINCENZO,LAFFERTY
VICKEY,LAFLAMME
VERGIE,LAFLEUR
VENITA,LAI
TUAN,LAIRD
TRESSA,LAKE
TRESA,LAM
TRENA,LAMAR
TOYA,LAMB
TONEY,LAMBERT
TOMEKA,LAMM
TITUS,LANCASTER
TIFFANIE,LANCE
TIERRA,LAND
THUY,LANDERS
TERESSA,LANDIS
TERESE,LANDON
TEENA,LANDRUM
TAWNYA,LANDRY
TAWANDA,LANE
SUSANNAH,LANEY
STARR,LANG
STARLA,LANGDON
STANTON,LANGE
SOON,LANGER
SID,LANGFORD
SHON,LANGLEY
SHIRLENE,LANGLOIS
SHERWOOD,LANGSTON
SHERRILL,LANHAM
SHERITA,LANIER
SHERIE,LANKFORD
SHAYNA,LANNING
SHARLA,LANTZ
SHARA,LAPLANTE
SHANTE,LAPOINTE
SHANTA,LAPORTE
SHAMIKA,LARA
SHAMEKA,LARGE
SHALONDA,LARKIN
SHAINA,LAROCHE
SHAD,LAROSE
SCARLETT,LARRY
SANTO,LARSEN
SANJUANITA,LARSON
SANJUANA,LARUE
SAMUAL,LASH
SALINA,LASHLEY
RUTHANN,LASSITER
RUEBEN,LASTER
RUDOLF,LATHAM
RUBYE,LATIMER
ROXANE,LATTIMORE
ROSINA,LAU
ROSEANNA,LAUER
RONA,LAUGHLIN
ROLF,LAVENDER
RHIANNON,LAVIGNE
RHETT,LAVOIE
REY,LAW
RENATO,LAWHORN
RENALDO,LAWLER
RAYMON,LAWLESS
RAYFORD,LAWRENCE
RASHAD,LAWS
PRUDENCE,LAWSON
PORTER,LAWTON
PHYLISS,LAY
PHYLIS,LAYMAN
PHUONG,LAYNE
PENNIE,LAYTON
PEGGIE,LE
PALMER,LEA
OSWALDO,LEACH
ORPHA,LEAHY
OK,LEAK
NYDIA,LEAKE
NOVELLA,LEAL
NOVA,LEAR
NILA,LEARY
NICOLA,LEAVITT
NEVILLE,LEBLANC
NENA,LEBRON
NATIVIDAD,LECLAIR
NATHANIAL,LEDBETTER
NATHANAEL,LEDESMA
NANNETTE,LEDFORD
NANCI,LEDOUX
MYRIAM,LEE
MOSE,LEEPER
MODESTO,LEES
MITTIE,LEFEBVRE
MIRIAN,LEGER
MIREYA,LEGG
MIQUEL,LEGGETT
MILAN,LEHMAN
MICHALE,LEHMANN
META,LEIGH
MELONY,LEIGHTON
MELINA,LEMASTER
MEAGHAN,LEMAY
MAYBELLE,LEMIEUX
MAXIE,LEMKE
MARYLIN,LEMMON
MARVEL,LEMON
MARTI,LEMONS
MARQUERITE,LEMUS
MARNIE,LENNON
MARITA,LENTZ
MARILEE,LENZ
MARIANN,LEON
MARGARETTE,LEONARD
MARCELLUS,LEONE
MARCELINA,LERMA
MARANDA,LERNER
MANUAL,LEROY
MALIK,LESLIE
MALCOM,LESSARD
MAGNOLIA,LESTER
MAGDALENE,LEUNG
MACKENZIE,LEVESQUE
LYNWOOD,LEVI
LYNDSEY,LEVIN
LULU,LEVINE
LUIGI,LEVY
LUCIUS,LEW
LUCIE,LEWANDOWSKI
LOVIE,LEWIS
LORENZA,LEYVA
LONNY,LI
LONG,LIBBY
LIZBETH,LIDDELL
LIZABETH,LIEBERMAN
LISSETTE,LIGHT
LISETTE,LIGHTFOOT
LISE,LIGHTNER
LINO,LIGON
LINNIE,LILES
LINNEA,LILLEY
LIDA,LILLY
LEN,LIM
LEISA,LIMA
LEIF,LIMON
LEATRICE,LIN
LEANDRO,LINARES
LAVON,LINCOLN
LAVINA,LIND
LAURETTE,LINDBERG
LAUREEN,LINDER
LATOSHA,LINDGREN
LASHANDA,LINDLEY
LAKESHIA,LINDQUIST
LACIE,LINDSAY
KYUNG,LINDSEY
KYRA,LINDSTROM
KYONG,LINK
KRISTOFER,LINKOUS
KRAIG,LINN
KORI,LINTON
KOREY,LINVILLE
KING,LIPSCOMB
KENETH,LIRA
KEELY,LISTER
KASSANDRA,LITTLE
KAROLYN,LITTLEFIELD
KARISSA,LITTLEJOHN
KAMI,LITTLETON
KALA,LIU
JOYCELYN,LIVELY
JOSPEH,LIVINGSTON
JOSEPHINA,LLOYD
JORDON,LO
JONNIE,LOCKE
JOLEEN,LOCKETT
JOHNSON,LOCKHART
JOELLEN,LOCKLEAR
JOANIE,LOCKWOOD
JERRIE,LOERA
JERRELL,LOFTIN
JEROMY,LOFTIS
JERE,LOFTON
JERAMY,LOGAN
JENNI,LOGSDON
JENNETTE,LOGUE
JENIFFER,LOMAX
JENELLE,LOMBARD
JEANETTA,LOMBARDI
JEANE,LOMBARDO
JC,LONDON
JAROD,LONG
JANINA,LONGO
JANEEN,LONGORIA
JAMILA,LOOMIS
JAIMIE,LOONEY
JADA,LOPER
JACINTO,LOPES
ISREAL,LOPEZ
INGE,LORD
ILSE,LORENZ
ILEANA,LORENZO
IKE,LOTT
HYMAN,LOUIS
HOYT,LOVE
HOSEA,LOVEJOY
HORTENSE,LOVELACE
HOLLI,LOVELESS
HOBERT,LOVELL
HERMELINDA,LOVETT
HERB,LOVING
HAYWOOD,LOW
HAYDEN,LOWE
HARLAND,LOWELL
HAILEY,LOWERY
HAI,LOWMAN
GRANVILLE,LOWRY
GRAIG,LOY
GISELLE,LOYA
GERDA,LOYD
GEORGIE,LOZANO
GAYLORD,LU
GASTON,LUCAS
GARRET,LUCE
GARNET,LUCERO
FRANKLYN,LUCIANO
FRANCESCO,LUCKETT
FLORIDA,LUDWIG
FLORENTINO,LUGO
FILIBERTO,LUIS
FELTON,LUJAN
FELISHA,LUKE
FELIPA,LUMPKIN
FELICITAS,LUNA
FAWN,LUND
FAUSTO,LUNDBERG
FARRAH,LUNDY
EZEQUIEL,LUNSFORD
EZEKIEL,LUONG
EVONNE,LUSK
EVIE,LUSTER
EUSEBIO,LUTHER
ERASMO,LUTTRELL
ERA,LUTZ
ENRIQUETA,LY
ENA,LYLE
EMMITT,LYLES
ELROY,LYMAN
ELLSWORTH,LYNCH
ELIZEBETH,LYNN
ELENOR,LYON
ELDRIDGE,LYONS
ELDEN,LYTLE
ELAINA,MA
EDMUNDO,MAAS
EDISON,MABE
EDIE,MABRY
DOUGLASS,MACDONALD
DORSEY,MACE
DORINDA,MACHADO
DORI,MACIAS
DONITA,MACK
DOMENIC,MACKAY
DIAN,MACKENZIE
DESHAWN,MACKEY
DEL,MACKIE
DEANGELO,MACKLIN
DAWNA,MACLEAN
DARRON,MACLEOD
DARON,MACON
DARIA,MADDEN
DARELL,MADDOX
DARCI,MADERA
DANILO,MADISON
DANIELLA,MADRID
CRISTOPHER,MADRIGAL
CRISTOBAL,MADSEN
CRISTINE,MAES
CORTEZ,MAESTAS
CORINNA,MAGANA
CORDELL,MAGEE
CORAL,MAGGARD
COLTON,MAGNUSON
CLEMENTE,MAGUIRE
CLAUD,MAHAFFEY
CINTHIA,MAHAN
CHRISSY,MAHER
CHERYLE,MAHON
CHERLY,MAHONEY
CHELSIE,MAIER
CHAS,MAIN
CHARISSE,MAJOR
CHANDA,MAJORS
CEDRICK,MAKI
CATINA,MALCOLM
CATHIE,MALDONADO
CARYL,MALLEY
CAROLEE,MALLORY
CARMAN,MALLOY
CARLOTTA,MALONE
CARLEEN,MALONEY
CARINA,MANCINI
CANDELARIA,MANCUSO
CAITLYN,MANESS
BUSTER,MANGUM
BUCK,MANLEY
BROOK,MANN
BRODERICK,MANNING
BRITTANI,MANNS
BRIGETTE,MANSFIELD
BOYCE,MANSON
BONNY,MANUEL
BLANCH,MANZO
BERNITA,MAPLE
BENTON,MAPLES
BENEDICT,MARBLE
BAMBI,MARCH
ASTRID,MARCHAND
ASHTON,MARCOTTE
ASA,MARCUM
ARTIE,MARCUS
ARNOLDO,MARES
ARMIDA,MARIN
ARLIE,MARINO
ARLEN,MARION
ARDITH,MARK
ARDIS,MARKHAM
ARDEN,MARKLEY
ARACELY,MARKS
ANTIONE,MARLER
ANH,MARLOW
ANDREAS,MARLOWE
ANABEL,MARQUEZ
AMI,MARQUIS
AMBROSE,MARR
ALTAGRACIA,MARRERO
ALONSO,MARROQUIN
ALETA,MARSH
ALESIA,MARSHALL
ALESHA,MARTEL
ALDA,MARTELL
ALBINA,MARTENS
ALANNA,MARTIN
ADRIANNA,MARTINDALE
ADRIANE,MARTINEZ
ADELAIDA,MARTINO
ABBEY,MARTINS
ZULMA,MARTINSON
ZULA,MARTZ
ZORA,MARVIN
ZONA,MARX
ZINA,MASON
ZENOBIA,MASSEY
ZENA,MASSIE
ZANDRA,MAST
ZAIDA,MASTERS
YU,MASTERSON
YOKO,MATA
YETTA,MATHENY
WYNONA,MATHESON
WILLENE,MATHEWS
WANITA,MATHIAS
VONNIE,MATHIS
VIVA,MATLOCK
VITA,MATNEY
VINA,MATOS
VICENTA,MATSON
VERONA,MATTESON
VERNITA,MATTHEW
VERNIE,MATTHEWS
VELVA,MATTINGLY
VELIA,MATTISON
TRISH,MATTOS
TRESSIE,MATTOX
TRACEE,MATTSON
TIFFINY,MAULDIN
THOMASINA,MAUPIN
THERSA,MAURER
TESS,MAURO
TEODORA,MAXEY
TENISHA,MAXFIELD
TAWANNA,MAXWELL
TARSHA,MAY
TANIKA,MAYBERRY
TANGELA,MAYER
TANESHA,MAYERS
TAMIKO,MAYES
TAMIE,MAYFIELD
TAMATHA,MAYHEW
TAMAR,MAYNARD
TALIA,MAYO
SYBLE,MAYS
SUZY,MAZZA
SUZIE,MCADAMS
SUSANN,MCAFEE
SUNSHINE,MCALISTER
SU,MCALLISTER
STORMY,MCARTHUR
STEPHINE,MCBEE
STEPHANI,MCBRIDE
STEPHAINE,MCCABE
STEFANI,MCCAFFREY
STAR,MCCAIN
SIOBHAN,MCCALL
SIMONA,MCCALLISTER
SIGRID,MCCALLUM
SIBYL,MCCANN
SHIRLY,MCCANTS
SHIRLEE,MCCARTER
SHERRYL,MCCARTHY
SHERRON,MCCARTNEY
SHERON,MCCARTY
SHERILYN,MCCASKILL
SHENA,MCCAULEY
SHAY,MCCLAIN
SHAWANDA,MCCLANAHAN
SHASTA,MCCLARY
SHAREN,MCCLEARY
SHAREE,MCCLELLAN
SHANTELL,MCCLELLAND
SHANNAN,MCCLENDON
SHANITA,MCCLINTOCK
SHANIKA,MCCLINTON
SHANI,MCCLOSKEY
SHANELL,MCCLOUD
SHANDRA,MCCLUNG
SARITA,MCCLURE
SADE,MCCOLLUM
SABRA,MCCOMBS
SABINE,MCCONNELL
RUFINA,MCCOOL
ROSAURA,MCCORD
ROSARIA,MCCORKLE
ROSALVA,MCCORMACK
ROSALINE,MCCORMICK
RONNA,MCCOY
ROMANA,MCCRACKEN
ROLANDA,MCCRARY
RINA,MCCRAY
RENEA,MCCREARY
REGAN,MCCUE
RASHIDA,MCCULLOCH
RANDA,MCCULLOUGH
RACQUEL,MCCUNE
PINKIE,MCCURDY
PAOLA,MCCURRY
PALMA,MCCUTCHEON
PAGE,MCDADE
OUIDA,MCDANIEL
OTILIA,MCDANIELS
OLIVA,MCDERMOTT
ODETTE,MCDONALD
OCIE,MCDONNELL
NORINE,MCDONOUGH
NORENE,MCDOUGAL
NOELIA,MCDOUGALL
NINFA,MCDOWELL
NILSA,MCDUFFIE
NIDIA,MCELROY
NICOLETTE,MCEWEN
NICOLASA,MCFADDEN
NICHOL,MCFALL
NICHELLE,MCFARLAND
NIA,MCFARLANE
NELLE,MCGEE
NELLA,MCGEHEE
NELIDA,MCGHEE
NAKISHA,MCGILL
NADA,MCGINNIS
MYRTICE,MCGOVERN
MYONG,MCGOWAN
MY,MCGRATH
MOZELL,MCGRAW
MOIRA,MCGREGOR
MODESTA,MCGREW
MIRTA,MCGRIFF
MIRA,MCGUIRE
MINDI,MCHENRY
MILISSA,MCHUGH
MICKIE,MCINNIS
MERYL,MCINTIRE
MERCY,MCINTOSH
MELONIE,MCINTYRE
MEG,MCKAY
MEE,MCKEE
MECHELLE,MCKEEVER
MAZIE,MCKENNA
MATHILDA,MCKENNEY
MARYLYN,MCKENZIE
MARYLEE,MCKEON
MARYJO,MCKEOWN
MARTINE,MCKINLEY
MARRY,MCKINNEY
MARLO,MCKINNON
MARILOU,MCKNIGHT
MARIELA,MCLAIN
MARIBETH,MCLAUGHLIN
MARGARETE,MCLAURIN
MALIA,MCLEAN
MAIRA,MCLEMORE
MAEGAN,MCLENDON
MADISON,MCLEOD
MACHELLE,MCMAHAN
LYNDSAY,MCMAHON
LYLA,MCMANUS
LYDA,MCMASTER
LUPITA,MCMILLAN
LUE,MCMILLEN
LUCIENNE,MCMILLIAN
LUCIANA,MCMULLEN
LUANA,MCMURRAY
LU,MCNABB
LORRETTA,MCNAIR
LORINDA,MCNALLY
LORELEI,MCNAMARA
LOREEN,MCNEAL
LITA,MCNEELY
LISSA,MCNEIL
LINSEY,MCNEILL
LINH,MCNULTY
LINETTE,MCNUTT
LIN,MCPHERSON
LIANE,MCQUEEN
LIANA,MCRAE
LI,MCREYNOLDS
LESLI,MCSWAIN
LESLEE,MCVAY
LENNIE,MCVEY
LEESA,MCWHORTER
LEDA,MCWILLIAMS
LEATHA,MEACHAM
LEANDRA,MEAD
LAVONDA,MEADE
LAVINIA,MEADOR
LAVADA,MEADOWS
LAURENE,MEANS
LARUE,MEARS
LANITA,MEDEIROS
LANI,MEDINA
LANETTE,MEDLEY
LAI,MEDLIN
LACI,MEDLOCK
KYLEE,MEDRANO
KUM,MEEHAN
KRYSTYNA,MEEK
KRISTYN,MEEKER
KRISTIAN,MEEKS
KRISTAN,MEIER
KIZZY,MEJIA
KIRSTIN,MELANCON
KIMBERELY,MELENDEZ
KIARA,MELLO
KENYATTA,MELTON
KENNA,MELVIN
KELSIE,MENA
KELI,MENARD
KEIKO,MENDENHALL
KECIA,MENDEZ
KAYLEE,MENDOZA
KATHYRN,MENENDEZ
KATHRYNE,MERCADO
KATHLYN,MERCER
KATHLENE,MERCHANT
KASANDRA,MERCIER
KARRI,MEREDITH
KARLENE,MERRELL
KARIE,MERRICK
KARAN,MERRILL
KANDY,MERRIMAN
KANDICE,MERRITT
KANDI,MESA
KANDACE,MESSENGER
KACIE,MESSER
KACI,MESSINA
KACEY,METCALF
JULISSA,METZ
JULIETA,METZGER
JULIANN,METZLER
JUDIE,MEYER
JONNA,MEYERS
JOLYNN,MEZA
JOI,MICHAEL
JOHNETTA,MICHAELS
JOETTA,MICHAUD
JOANA,MICHEL
JETTIE,MICKENS
JERILYN,MIDDLETON
JERALDINE,MILAM
JENNIFFER,MILBURN
JAZMIN,MILES
JAUNITA,MILLARD
JANEY,MILLER
JANENE,MILLIGAN
JANAE,MILLIKEN
JAMMIE,MILLS
JACKELINE,MILNE
JACINTA,MILNER
JACALYN,MILTON
ISELA,MIMS
IRENA,MINER
INGEBORG,MINNICK
INGA,MINOR
IN,MINTER
ILONA,MINTON
ILIANA,MINTZ
IDALIA,MIRANDA
HUONG,MIRELES
HULDA,MITCHELL
HUI,MIXON
HORTENSIA,MIZE
HOA,MOBLEY
HETTIE,MOCK
HEDWIG,MOE
GRETTA,MOELLER
GOLDA,MOEN
GLORY,MOFFETT
GLADIS,MOFFITT
GISELE,MOHR
GIOVANNA,MOJICA
GERALYN,MOLINA
GEORGETTA,MOLL
GEMMA,MONACO
GAYNELL,MONAGHAN
FONDA,MONAHAN
FLORENE,MONEY
FIONA,MONIZ
FERNE,MONK
FELISA,MONROE
FELICE,MONSON
FELICA,MONTAGUE
FALLON,MONTALVO
EVON,MONTANEZ
EVELIA,MONTANO
EVALYN,MONTEMAYOR
EUN,MONTERO
EUGENIE,MONTES
ETHELYN,MONTEZ
ESTRELLA,MONTGOMERY
ENEDINA,MONTOYA
EMOGENE,MOODY
EMELIA,MOON
ELVERA,MOONEY
ELNA,MOORE
ELMIRA,MOORMAN
ELFRIEDE,MORA
ELEANORA,MORALES
ELDORA,MORAN
ELANA,MOREAU
EDEN,MOREHEAD
EDELMIRA,MORELAND
EDA,MORENO
EBONI,MOREY
EARTHA,MORGAN
DORTHEA,MORIARTY
DOROTHA,MORIN
DOMENICA,MORLEY
DESIRAE,MORRELL
DENNA,MORRILL
DENEEN,MORRIS
DEMETRA,MORRISON
DELPHIA,MORRISSEY
DELORA,MORROW
DEDRA,MORSE
DEBBRA,MORTENSEN
DEB,MORTON
DAVINA,MOSBY
DAVIDA,MOSELEY
DARLINE,MOSER
DARCIE,MOSES
DANYELLE,MOSHER
DANNIELLE,MOSIER
DANIELE,MOSLEY
DANICA,MOSS
DANI,MOTLEY
CYTHIA,MOTT
CYNDI,MOULTON
CRISTIN,MOULTRIE
CRISTI,MOUNT
CORRINA,MOWERY
CORENE,MOYA
CORAZON,MOYE
CLETA,MOYER
CLARIBEL,MUELLER
CINDA,MUHAMMAD
CIERRA,MUIR
CIARA,MULKEY
CHUN,MULL
CHRISTIANE,MULLEN
CHRISTIANA,MULLER
CHRISTENE,MULLIGAN
CHRISTEL,MULLIN
CHEYENNE,MULLINS
CHERRIE,MULLIS
CHERRI,MUNCY
CHERISE,MUNDY
CHAROLETTE,MUNIZ
CHARLETTE,MUNN
CHARISSA,MUNOZ
CHANTELLE,MUNSON
CHANA,MURDOCK
CECILY,MURILLO
CATHI,MURPHY
CASSIDY,MURRAY
CARRI,MURRELL
CARON,MURRY
CAROLYNN,MUSE
CAROLANN,MUSGROVE
CARMA,MUSSER
CARLYN,MYERS
CARLOTA,MYLES
CARIN,MYRICK
CANDIS,NABORS
CANDANCE,NADEAU
CAMI,NAGEL
BUFFY,NAGLE
BREE,NAGY
BREANNE,NAJERA
BRANDEE,NAKAMURA
BOBBYE,NALL
BERENICE,NANCE
BEA,NAPIER
BARBIE,NAQUIN
BAILEY,NARANJO
AYESHA,NARVAEZ
AWILDA,NASH
AUREA,NATHAN
AUDRY,NATION
ASHLY,NAVA
ASHLIE,NAVARRETE
ASHELY,NAVARRO
ASHA,NAYLOR
ARLETTE,NEAL
ARIELLE,NEALY
ARCELIA,NEEDHAM
ANTONINA,NEEL
ANNELIESE,NEELEY
ANNABEL,NEELY
ANITRA,NEFF
ANIKA,NEGRETE
ANGLEA,NEGRON
ANGELLA,NEIL
ANASTACIA,NEILL
AMERICA,NELMS
AMADA,NELSON
ALYSIA,NESBITT
ALYCIA,NESMITH
ALMEDA,NESS
ALIDA,NESTOR
ALEXIA,NETTLES
ALETHEA,NEUMAN
ALENA,NEUMANN
ALBERTINE,NEVAREZ
ALBERTHA,NEVILLE
AJA,NEW
AGUSTINA,NEWBERRY
AFTON,NEWBY
ADRIA,NEWCOMB
ADINA,NEWELL
ADELLE,NEWKIRK
ADELLA,NEWMAN
ADELIA,NEWSOM
ZULEMA,NEWSOME
ZOFIA,NEWTON
ZITA,NG
YUN,NGO
YUKO,NGUYEN
YUKIKO,NICHOLAS
YOLANDO,NICHOLS
YOLANDE,NICHOLSON
YING,NICKEL
YI,NICKERSON
YEN,NIELSEN
YEE,NIELSON
YANIRA,NIETO
YANG,NIEVES
YAN,NILES
WONDA,NIX
WILLIA,NIXON
WILLETTE,NOBLE
WEI,NOBLES
WALTRAUD,NOE
WAI,NOEL
VIVIENNE,NOLAN
VIVIEN,NOLAND
VIVAN,NOLEN
VIOLETTE,NOLL
VINNIE,NOONAN
VINCENZA,NORFLEET
VETA,NORIEGA
VERSIE,NORMAN
VERNETTA,NORRIS
VERLIE,NORTH
VERLENE,NORTON
VERENA,NORWOOD
VERDIE,NOVAK
VERDELL,NOVOTNY
VEOLA,NOWAK
VENICE,NOWLIN
VENA,NOYES
VELVET,NUGENT
VELLA,NULL
VANNESSA,NUMBERS
VANITA,NUNES
VANESA,NUNEZ
VANDA,NUNLEY
VALLIE,NUNN
VALERY,NUTT
VALDA,NUTTER
USHA,NYE
TYESHA,OAKES
TWANA,OAKLEY
TUYET,OAKS
TRULA,OATES
TRUDIE,OBRIEN
TRUDI,OBRYAN
TRINITY,OCAMPO
TRANG,OCASIO
TOWANDA,OCHOA
TOSHIKO,OCHS
TONIE,OCONNELL
TONDA,OCONNER
TOMOKO,OCONNOR
TOMIKA,ODELL
TINY,ODEN
TIESHA,ODOM
TIANNA,ODONNELL
THU,ODUM
THRESA,OGDEN
THOMASINE,OGLE
THERESIA,OGLESBY
THEOLA,OH
THAO,OHARA
THALIA,OJEDA
TESHA,OKEEFE
TERRESA,OLDHAM
TEREASA,OLDS
TEQUILA,OLEARY
TENNILLE,OLIPHANT
TENNIE,OLIVA
TEMEKA,OLIVARES
TAWNY,OLIVAREZ
TASHIA,OLIVAS
TARAH,OLIVE
TANNA,OLIVEIRA
TANJA,OLIVER
TAMMARA,OLIVO
TAMICA,OLMSTEAD
TAMESHA,OLSEN
TAMEKIA,OLSON
TAMEIKA,OLVERA
TAMALA,OMALLEY
TAM,ONEAL
TALITHA,ONEIL
TALISHA,ONEILL
TAKISHA,ONTIVEROS
TABETHA,ORDONEZ
SYREETA,OREILLY
SYNTHIA,ORELLANA
SUZANN,ORLANDO
SUK,ORNELAS
SUELLEN,OROSCO
SUEANN,OROURKE
SUDIE,OROZCO
STEPHANE,ORR
STEFFANIE,ORTA
STEFANIA,ORTEGA
SPRING,ORTIZ
SORAYA,OSBORN
SOOK,OSBORNE
SOO,OSBURN
SONG,OSGOOD
SOMMER,OSHEA
SOLANGE,OSORIO
SO,OSTEEN
SLYVIA,OSTRANDER
SKYE,OSULLIVAN
SINDY,OSWALD
SILVANA,OSWALT
SILVA,OTERO
SIGNE,OTIS
SHU,OTOOLE
SHOSHANA,OTT
SHONNA,OTTO
SHONA,OUELLETTE
SHIRLEEN,OUTLAW
SHIRA,OVERBY
SHERY,OVERSTREET
SHERRELL,OVERTON
SHERLYN,OWEN
SHERLY,OWENS
SHERLEY,PACE
SHENITA,PACHECO
SHEMIKA,PACK
SHELBA,PACKARD
SHELA,PACKER
SHEILAH,PADGETT
SHEA,PADILLA
SHAWNNA,PAGAN
SHAWNEE,PAGE
SHAWNDA,PAIGE
SHAWANA,PAINE
SHAVONNE,PAINTER
SHAVON,PAK
SHAUNNA,PALACIOS
SHARYL,PALMA
SHARLEEN,PALMER
SHARITA,PALUMBO
SHANICE,PANNELL
SHANELLE,PANTOJA
SHANEKA,PAPE
SHAKIRA,PAPPAS
SHA,PAQUETTE
SERINA,PARADIS
SELENE,PARDO
SEBRINA,PAREDES
SCARLET,PARENT
SAVANNA,PARHAM
SARINA,PARIS
SARI,PARISH
SANTINA,PARK
SANTANA,PARKER
SANORA,PARKINSON
SAMIRA,PARKS
SAMARA,PARNELL
SALOME,PARR
SALENA,PARRA
SACHIKO,PARRIS
RUBIE,PARRISH
ROZELLA,PARROTT
ROSIA,PARRY
ROSANN,PARSON
ROSANA,PARSONS
ROSAMOND,PARTIN
RONNI,PARTRIDGE
RONI,PASSMORE
ROMELIA,PATE
ROMAINE,PATEL
ROCHELL,PATERSON
RISA,PATINO
RIKKI,PATRICK
RETTA,PATTEN
RENETTA,PATTERSON
REMEDIOS,PATTON
REIKO,PAUL
REGENIA,PAULEY
REGENA,PAULSEN
REDA,PAULSON
REBBECCA,PAXTON
REBBECA,PAYNE
REATHA,PAYTON
RAYNA,PAZ
RAYLENE,PEACE
RAYE,PEACHEY
RASHEEDA,PEACOCK
RANDEE,PEAK
RANAE,PEARCE
RANA,PEARSON
RAMONITA,PEASE
RAINA,PECK
RAEANN,PEDERSEN
RACHELL,PEDERSON
RACHELE,PEEBLES
QUIANA,PEEK
QUEENIE,PEEL
QIANA,PEELER
PORSHA,PEEPLES
PIPER,PELLETIER
PIEDAD,PELTIER
PIA,PEMBERTON
PETRINA,PENA
PENNI,PENCE
PENNEY,PENDER
PEARLENE,PENDERGRASS
PEARLE,PENDLETON
PAULETTA,PENN
PATRINA,PENNELL
PATIENCE,PENNINGTON
PARTICIA,PENNY
PANDORA,PEOPLES
PAMELLA,PEPPER
PAMELIA,PERALES
OZELLA,PERALTA
OSSIE,PERDUE
ONEIDA,PEREA
OMEGA,PEREIRA
OLYMPIA,PEREZ
ODILIA,PERKINS
OBDULIA,PERREAULT
NYLA,PERRIN
NORAH,PERRON
NOMA,PERRY
NOELLA,PERRYMAN
NIKOLE,PERSON
NIKIA,PETER
NIEVES,PETERMAN
NICOLLE,PETERS
NICOL,PETERSEN
NICKOLE,PETERSON
NICKIE,PETIT
NGOC,PETRIE
NGA,PETTIGREW
NETA,PETTIS
NERISSA,PETTIT
NEOMA,PETTWAY
NELIA,PETTY
NATOSHA,PEYTON
NARCISA,PFEIFER
NAOMA,PFEIFFER
NANCIE,PHAM
NANA,PHAN
NAKITA,PHELAN
MYUNG,PHELPS
MYRTIE,PHIFER
MYRLE,PHILLIPS
MUI,PHIPPS
MOZELLA,PICARD
MONSERRATE,PICKARD
MIRTHA,PICKENS
MIREILLE,PICKERING
MINNA,PICKETT
MIN,PIERCE
MILAGRO,PIERRE
MILA,PIERSON
MIKKI,PIKE
MIKA,PILCHER
MIGUELINA,PIMENTEL
MICKI,PINA
MICHIKO,PINCKNEY
MICHELINE,PINEDA
MERRI,PINKERTON
MERNA,PINKSTON
MERLENE,PINO
MERILYN,PINSON
MERIDITH,PINTO
MERI,PIPER
MELYNDA,PIPKIN
MELLIE,PIPPIN
MELISSIA,PITMAN
MELANY,PITRE
MELAINE,PITT
MEGHANN,PITTMAN
MEGGAN,PITTS
MCKENZIE,PLACE
MAYE,PLANTE
MAYBELL,PLATT
MATHILDE,PLEASANT
MASAKO,PLUMMER
MARYAM,PLUNKETT
MARYALICE,POE
MARYA,POGUE
MARQUETTA,POINDEXTER
MARNI,POINTER
MARNA,POIRIER
MARLEN,POLANCO
MARLEEN,POLAND
MARLANA,POLING
MARKITA,POLK
MARILU,POLLACK
MARIEL,POLLARD
MARGURITE,POLLOCK
MARGUERITA,POMEROY
MARGORIE,PONCE
MARGIT,POND
MARGET,PONDER
MARGERET,POOL
MARGART,POOLE
MARGARITE,POORE
MARGARETTA,POPE
MARGARETT,POPP
MARGARETA,PORTER
MAREN,PORTERFIELD
MARCELINE,PORTILLO
MAPLE,POSEY
MANDA,POST
MANA,POSTON
MAMMIE,POTTER
MALISA,POTTS
MALIKA,POULIN
MAIDA,POUNDS
MAIA,POWELL
MAGEN,POWER
MAGDALEN,POWERS
MAGARET,PRADO
MAGAN,PRATER
MAGALY,PRATHER
MADLYN,PRATT
MADIE,PRENTICE
MADALYN,PRESCOTT
MADALINE,PRESLEY
MACY,PRESSLEY
MACIE,PRESTON
LYNSEY,PREWITT
LYNELLE,PRICE
LYNELL,PRICHARD
LUVENIA,PRIDE
LURLINE,PRIDGEN
LUNA,PRIEST
LUISE,PRIETO
LUDIE,PRINCE
LUCRECIA,PRINGLE
LUCINA,PRITCHARD
LOYCE,PRITCHETT
LOVELLA,PROCTOR
LOUVENIA,PROFFITT
LOUANNE,PROSSER
LORY,PROVOST
LORIANN,PRUETT
LOREE,PRUITT
LORE,PRYOR
LONNA,PUCKETT
LONI,PUENTE
LOMA,PUGH
LOIDA,PULIDO
LOAN,PULLEN
LIVIA,PULLEY
LISHA,PULLIAM
LISBETH,PURCELL
LING,PURDY
LILLA,PURNELL
LILI,PURVIS
LIGIA,PUTMAN
LIEN,PUTNAM
LIBRADA,PYLE
LIBERTY,QUALLS
LEZLIE,QUARLES
LEXIE,QUEEN
LETTY,QUEZADA
LESIA,QUICK
LERA,QUIGLEY
LEONORE,QUILLEN
LEONILA,QUINLAN
LEONIE,QUINN
LEONARDA,QUINONES
LENNA,QUINONEZ
LEIGHANN,QUINTANA
LEEANNE,QUINTANILLA
LEEANNA,QUINTERO
LEANA,QUIROZ
LE,RADER
LAYLA,RADFORD
LAWANNA,RAFFERTY
LAWANA,RAGAN
LAVONIA,RAGLAND
LAVERNA,RAGSDALE
LAVERA,RAINES
LAURINE,RAINEY
LAURICE,RAINS
LAURE,RALEY
LAUNA,RALPH
LATRINA,RALSTON
LATORIA,RAMEY
LATICIA,RAMIREZ
LATIA,RAMON
LATESHA,RAMOS
LATASHIA,RAMSAY
LASHUNDA,RAMSEY
LASANDRA,RAND
LARONDA,RANDALL
LARISA,RANDLE
LARHONDA,RANDOLPH
LARAINE,RANEY
LARAE,RANGEL
LANELL,RANKIN
LAILA,RANSOM
LADY,RAPP
KYMBERLY,RASH
KYM,RASMUSSEN
KRYSTA,RATCLIFF
KRISTEL,RATLIFF
KOURTNEY,RAU
KINDRA,RAUCH
KIMIKO,RAWLINGS
KIMBERY,RAWLINS
KIMBERLIE,RAWLS
KIMBERLI,RAY
KIMBER,RAYBURN
KILEY,RAYFORD
KIESHA,RAYMOND
KIERA,RAYNOR
KIANA,RAZO
KENYETTA,REA
KENISHA,READ
KENA,REAGAN
KELLYE,REARDON
KELLEE,REAVES
KELLE,RECTOR
KEESHA,REDD
KEENA,REDDEN
KAZUKO,REDDICK
KAYLENE,REDDING
KAYLEIGH,REDDY
KAYLEEN,REDMAN
KATTIE,REDMON
KATRICE,REDMOND
KATLYN,REECE
KATIA,REED
KATI,REEDER
KATHEY,REEDY
KATHERN,REES
KATHERIN,REESE
KATHE,REEVES
KATHARINA,REGALADO
KATHALEEN,REGAN
KASSIE,REGISTER
KASIE,REICH
KARYL,REICHERT
KARREN,REID
KARMEN,REILLY
KARMA,REINHARDT
KARLEEN,REINHART
KARINE,REIS
KAREY,REITER
KAM,RENDON
KALI,RENFRO
KALEY,RENNER
KACY,RENO
JUTTA,RENTERIA
JUNITA,REUTER
JULIENNE,REY
JULIANE,REYES
JULEE,REYNA
JOYE,REYNOLDS
JOSLYN,REYNOSO
JOSELYN,RHEA
JONELLE,RHOADES
JONELL,RHOADS
JONA,RHODEN
JOLIE,RHODES
JOLANDA,RICCI
JOHANA,RICE
JOELLA,RICH
JOEANN,RICHARD
JODEE,RICHARDS
JINA,RICHARDSON
JIN,RICHEY
JESUSA,RICHIE
JESSI,RICHMOND
JESSENIA,RICHTER
JESENIA,RICKARD
JENNEFER,RICKER
JENISE,RICKETTS
JENINE,RICKMAN
JENICE,RICKS
JENI,RICO
JENETTE,RIDDELL
JENELL,RIDDICK
JEN,RIDDLE
JEANENE,RIDENOUR
JAZMINE,RIDER
JANN,RIDGEWAY
JANITA,RIDLEY
JANETTA,RIFE
JANETT,RIGBY
JANETH,RIGGINS
JANESSA,RIGGS
JANAY,RIGSBY
JALEESA,RILEY
JADWIGA,RINALDI
JACQULYN,RINEHART
JACQUILINE,RING
JACQUELYNN,RIOS
JACQUELYNE,RIPLEY
JACQUALINE,RITCHEY
JACKI,RITCHIE
IVANA,RITTER
ISIS,RIVAS
ISIDRA,RIVERA
ISAURA,RIVERS
ISA,RIZZO
IRMGARD,ROACH
IRISH,ROARK
IRINA,ROBB
INOCENCIA,ROBBINS
INGER,ROBERGE
INELL,ROBERSON
INDIRA,ROBERT
ILUMINADA,ROBERTS
ILDA,ROBERTSON
ILANA,ROBEY
IGNACIA,ROBINETTE
IESHA,ROBINS
IDELL,ROBINSON
HYUN,ROBISON
HYON,ROBLES
HYE,ROBSON
HYACINTH,ROBY
HONEY,ROCHA
HOLLEY,ROCHE
HIROKO,ROCK
HILMA,ROCKWELL
HILDRED,RODEN
HILDEGARDE,RODERICK
HILDE,RODGERS
HILARIA,RODRIGUE
HERMINE,RODRIGUES
HERMINA,RODRIGUEZ
HENRIETTE,RODRIQUEZ
HEIDE,ROE
HEE,ROGER
HEDY,ROGERS
HARMONY,ROHR
HANNELORE,ROJAS
HANH,ROLAND
HANA,ROLDAN
HALINA,ROLLER
HAE,ROLLINS
HA,ROMAN
GWYN,ROMANO
GWENN,ROMEO
GWENDA,ROMERO
GUDRUN,ROMO
GRACIA,RONEY
GLYNDA,ROONEY
GLINDA,ROOT
GLENNIS,ROPER
GLENNIE,ROQUE
GLENDORA,ROSA
GLADY,ROSADO
GIGI,ROSALES
GIA,ROSARIO
GERTRUD,ROSAS
GERTHA,ROSE
GEORGINE,ROSEN
GEORGENE,ROSENBAUM
GENNIE,ROSENBERG
GENIE,ROSENTHAL
GENIA,ROSS
GEARLDINE,ROSSER
GAYLENE,ROSSI
GARNETT,ROTH
GABRIELE,ROUNDS
FUMIKO,ROUNDTREE
FREEDA,ROUNTREE
FREDIA,ROUSE
FREDERICKA,ROUSH
FREDERICA,ROUSSEAU
FRANCOISE,ROUSSEL
FRANCINA,ROWAN
FRANCIE,ROWE
FRANCE,ROWELL
FLORINDA,ROWLAND
FLORETTA,ROWLEY
FLORENTINA,ROY
FLORENCIA,ROYAL
FLORANCE,ROYBAL
FLO,ROYER
FLAVIA,ROYSTER
FERNANDA,RUBIN
FE,RUBIO
FAUSTINA,RUBY
FARAH,RUCKER
FAE,RUDD
EXIE,RUDOLPH
EVELYNE,RUFF
EVELINE,RUFFIN
EVELINA,RUIZ
EVELIN,RUNYAN
ETHYL,RUNYON
ETHELENE,RUPERT
ESTELL,RUPP
ESTA,RUSH
ERMINIA,RUSHING
ERMELINDA,RUSS
ERLINE,RUSSELL
ERLENE,RUSSO
ERINN,RUST
EPIFANIA,RUTH
ENOLA,RUTHERFORD
ENEIDA,RUTLEDGE
EMMY,RYAN
EMMIE,RYDER
EMILEE,SAAVEDRA
EMIKO,SABO
EMELDA,SACCO
EMA,SADLER
ELVINA,SAENZ
ELVIE,SAGE
ELSE,SAGER
ELOIS,SALAS
ELODIA,SALAZAR
ELLYN,SALCEDO
ELLY,SALCIDO
ELKE,SALDANA
ELIZBETH,SALDIVAR
ELICIA,SALERNO
ELIANA,SALES
ELENORA,SALGADO
ELENI,SALINAS
ELEASE,SALISBURY
ELAYNE,SALLEE
ELANOR,SALLEY
EDDA,SALMON
ECHO,SALTER
EARLEEN,SAM
EARLEAN,SAMMONS
DYAN,SAMPLE
DUNG,SAMPLES
DRUSILLA,SAMPSON
DRUCILLA,SAMS
DREMA,SAMSON
DREAMA,SAMUEL
DOT,SAMUELS
DORINE,SANBORN
DORIE,SANCHES
DORATHY,SANCHEZ
DONYA,SANDBERG
DONETTA,SANDER
DOMONIQUE,SANDERS
DOMINQUE,SANDERSON
DOLORIS,SANDLIN
DIONNA,SANDOVAL
DIONE,SANDS
DIMPLE,SANFORD
DIGNA,SANTANA
DIEDRE,SANTIAGO
DIEDRA,SANTOS
DIAMOND,SAPP
DEVORAH,SARGENT
DEVORA,SASSER
DEVONA,SATTERFIELD
DETRA,SAUCEDO
DESIRE,SAUCIER
DENNISE,SAUER
DENITA,SAULS
DENISHA,SAUNDERS
DENESE,SAVAGE
DEMETRICE,SAVOY
DELTA,SAWYER
DELPHA,SAWYERS
DELL,SAXON
DELISA,SAXTON
DELINDA,SAYERS
DELICIA,SAYLOR
DELENA,SAYRE
DELANA,SCALES
DEEANN,SCANLON
DEBROAH,SCARBOROUGH
DEBBI,SCARBROUGH
DEANE,SCHAEFER
DEANDRA,SCHAEFFER
DAYLE,SCHAFER
DAWNE,SCHAFFER
DARBY,SCHELL
DAPHINE,SCHERER
DANUTA,SCHILLER
DANNETTE,SCHILLING
DANIKA,SCHINDLER
DANIA,SCHMID
DANAE,SCHMIDT
DALILA,SCHMITT
DAISEY,SCHMITZ
DAHLIA,SCHNEIDER
DAGMAR,SCHOFIELD
CRISTIE,SCHOLL
CRISTEN,SCHOONOVER
CRISTA,SCHOTT
CRISSY,SCHRADER
CRISELDA,SCHREIBER
CORLISS,SCHREINER
CORIE,SCHROEDER
CORETTA,SCHUBERT
COREEN,SCHULER
CORDIE,SCHULTE
CONSUELA,SCHULTZ
CONCHITA,SCHULZ
COLLEN,SCHULZE
COLETTA,SCHUMACHER
CLOTILDE,SCHUSTER
CLEORA,SCHWAB
CLEOPATRA,SCHWARTZ
CLEMMIE,SCHWARZ
CLEMENTINA,SCHWEITZER
CLARITA,SCOGGINS
CLARINE,SCOTT
CIERA,SCRIBNER
CICELY,SCROGGINS
CHRISTENA,SCRUGGS
CHRISTEEN,SCULLY
CHIN,SEAL
CHERYLL,SEALS
CHERRYL,SEAMAN
CHERISH,SEARCY
CHAYA,SEARS
CHAU,SEATON
CHARISE,SEAY
CHANTELL,SEE
CHANTE,SEELEY
CELINE,SEGURA
CELESTINA,SEIBERT
CELENA,SEIDEL
CECILA,SEIFERT
CATHEY,SEILER
CATERINA,SEITZ
CATARINA,SELBY
CASIE,SELF
CAROLYNE,SELL
CARMON,SELLERS
CARMELINA,SELLS
CARLINE,SENA
CARLIE,SEPULVEDA
CARLEY,SERNA
CARLETTA,SERRANO
CARISA,SESSIONS
CARIE,SETTLE
CAPRICE,SETTLES
CANDYCE,SEVERSON
CANDIE,SEWARD
CAMMIE,SEWELL
CAMELIA,SEXTON
BRYNN,SEYMORE
BRUNILDA,SEYMOUR
BRONWYN,SHACKELFORD
BRITTNI,SHADE
BRITNI,SHAFER
BRITANY,SHAFFER
BRINDA,SHAH
BRIGIDA,SHANK
BRIGID,SHANKS
BRANDA,SHANNON
BLYTHE,SHAPIRO
BIRGIT,SHARKEY
BILLYE,SHARP
BEVERLEE,SHARPE
BEV,SHAVER
BETSEY,SHAW
BETHEL,SHAY
BETHANN,SHEA
BERNETTA,SHEARER
BERNEICE,SHEEHAN
BELIA,SHEETS
BECKIE,SHEFFIELD
BARBERA,SHELBY
BARBAR,SHELDON
BABETTE,SHELL
BABARA,SHELLEY
AZUCENA,SHELLY
AYANNA,SHELTON
AYANA,SHEPARD
AVELINA,SHEPHARD
AUNDREA,SHEPHERD
AUGUSTINA,SHEPPARD
AUDREA,SHERIDAN
AUDIE,SHERMAN
ASUNCION,SHERRILL
ASSUNTA,SHERROD
ASHLYN,SHERRY
ASHLI,SHERWOOD
ARVILLA,SHIELDS
ARNITA,SHIFFLETT
ARNETTA,SHIN
ARMINDA,SHINN
ARMANDA,SHIPLEY
ARLETTA,SHIPMAN
ARLENA,SHIPP
ARLA,SHIRLEY
ARIE,SHIVELY
ARIANNA,SHIVERS
ARIANE,SHOCKLEY
ARDELLA,SHOEMAKER
ARDELL,SHOOK
ARACELIS,SHORE
APRYL,SHORES
ANYA,SHORT
ANTONIETTA,SHORTER
ANNIS,SHRADER
ANNICE,SHULER
ANNETT,SHULL
ANNAMAE,SHULTZ
ANNALISA,SHUMAKER
ANNALEE,SHUMAN
ANNABELL,SHUMATE
ANJANETTE,SIBLEY
ANGLE,SIDES
ANGELIKA,SIEGEL
ANGELIC,SIERRA
ANGELES,SIGLER
ANGELENA,SIKES
ANGELE,SILER
ANETTE,SILLS
ANDREE,SILVA
AMMIE,SILVER
AMINA,SILVERMAN
ALYSHA,SILVERS
ALYSE,SILVIA
ALVERA,SIMMONS
ALTHA,SIMMS
ALMETA,SIMON
ALLINE,SIMONE
ALLEGRA,SIMONS
ALLA,SIMONSON
ALIZA,SIMPKINS
ALIX,SIMPSON
ALISIA,SIMS
ALISHIA,SINCLAIR
ALISE,SINGER
ALICA,SINGH
ALIA,SINGLETARY
ALETHIA,SINGLETON
ALEJANDRINA,SIPES
ALEIDA,SISCO
ALBERTINA,SISK
AKIKO,SISSON
ADRIENE,SIZEMORE
ADALINE,SKAGGS
ZONIA,SKELTON
ZETTA,SKIDMORE
ZENIA,SKINNER
ZANA,SKIPPER
ZADA,SLACK
YVONE,SLADE
YURIKO,SLAGLE
YURI,SLATER
YUONNE,SLATON
YUNG,SLATTERY
YULANDA,SLAUGHTER
YUKI,SLAYTON
YUK,SLEDGE
YUETTE,SLOAN
YOULANDA,SLOCUM
YOSHIE,SLONE
YON,SMALL
YEVETTE,SMALLEY
YESSENIA,SMALLS
YER,SMALLWOOD
YELENA,SMART
YASUKO,SMILEY
YASMINE,SMITH
YAJAIRA,SMITHSON
YAHAIRA,SMOOT
YAEL,SMOTHERS
YAEKO,SMYTH
XUAN,SNEAD
XOCHITL,SNEED
XIAO,SNELL
XENIA,SNIDER
WYNELL,SNIPES
WINTER,SNODGRASS
WILLOW,SNOW
WILLODEAN,SNOWDEN
WILLIEMAE,SNYDER
WILLETTA,SOARES
WILLENA,SOLANO
WILHEMINA,SOLIS
WHITLEY,SOLIZ
WENONA,SOLOMON
WENDOLYN,SOMERS
WENDIE,SOMERVILLE
WEN,SOMMER
WAVA,SOMMERS
WANETTA,SONG
WANETA,SORENSEN
WAN,SORENSON
VONCILE,SORIA
VIRGEN,SORIANO
VINITA,SORRELL
VIKI,SOSA
VICTORINA,SOTELO
VI,SOTO
VERTIE,SOUSA
VERONIQUE,SOUTH
VERONIKA,SOUTHARD
VERNIA,SOUTHERLAND
VERLINE,SOUTHERN
VENNIE,SOUZA
VENETTA,SOWELL
VASILIKI,SOWERS
VASHTI,SPAIN
VANNESA,SPALDING
VANNA,SPANGLER
VANIA,SPANN
VANETTA,SPARKMAN
VALRIE,SPARKS
VALERI,SPARROW
VALENE,SPAULDING
UTE,SPEAR
UN,SPEARMAN
ULRIKE,SPEARS
ULA,SPEED
TYNISHA,SPEER
TYISHA,SPEIGHT
TWANNA,SPELLMAN
TWANDA,SPENCE
TULA,SPENCER
TU,SPERRY
TRINH,SPICER
TREENA,SPILLMAN
TREASA,SPINKS
TRAN,SPIVEY
TOVA,SPOONER
TOSHIA,SPRADLIN
TORRIE,SPRAGUE
TORRI,SPRIGGS
TORIE,SPRING
TORA,SPRINGER
TONITA,SPROUSE
TONISHA,SPRUILL
TONETTE,SPURGEON
TONA,SPURLOCK
TOMMYE,SQUIRES
TOMIKO,STACEY
TOMI,STACK
TOI,STACKHOUSE
TOCCARA,STACY
TOBIE,STAFFORD
TOBI,STAGGS
TISH,STAHL
TISA,STALEY
TINISHA,STALLINGS
TIMIKA,STALLWORTH
TILDA,STAMM
TIJUANA,STAMPER
TIFFANEY,STAMPS
TIFANY,STANFIELD
TIERA,STANFORD
TIEN,STANLEY
THORA,STANTON
THOMASENA,STAPLES
THI,STAPLETON
THERESSA,STARK
TERRILYN,STARKEY
TERISA,STARKS
TERINA,STARLING
TERICA,STARNES
TERESIA,STARR
TEOFILA,STATEN
TENESHA,STATON
TEMPLE,STAUFFER
TEMPIE,STCLAIR
TEMIKA,STEADMAN
TELMA,STEARNS
TEISHA,STEED
TEGAN,STEEL
TAYNA,STEELE
TAWNA,STEEN
TAUNYA,STEFFEN
TATYANA,STEGALL
TATUM,STEIN
TASIA,STEINBERG
TASHINA,STEINER
TARRA,STEPHEN
TARI,STEPHENS
TAREN,STEPHENSON
TANEKA,STEPP
TANDY,STERLING
TANDRA,STERN
TAMMERA,STEVENS
TAMISHA,STEVENSON
TAMBRA,STEWARD
TAMA,STEWART
TAKAKO,STIDHAM
TAJUANA,STILES
TAISHA,STILL
TAINA,STILLMAN
TAI,STILLWELL
TA,STILTNER
SYLVIE,STINE
SVETLANA,STINNETT
SUZI,STINSON
SUSY,STITT
SUNNI,STJOHN
SUNDAY,STOCK
SUMIKO,STOCKTON
SULEMA,STODDARD
SUANNE,STOKER
STEPHNIE,STOKES
STEPHANIA,STOLL
STEPANIE,STONE
STEFANY,STONER
STASIA,STOREY
STACEE,STORY
SPARKLE,STOTT
SONA,STOUT
SOMER,STOVALL
SOILA,STOVER
SIXTA,STOWE
SIU,STPIERRE
SIRENA,STRAIN
SINA,STRAND
SIMONNE,STRANGE
SIMA,STRATTON
SHYLA,STRAUB
SHONTA,STRAUSS
SHONDRA,STREET
SHIZUKO,STREETER
SHIZUE,STRICKLAND
SHIRL,STRINGER
SHIRELY,STRONG
SHIN,STROTHER
SHILOH,STROUD
SHILA,STROUP
SHERYLL,STRUNK
SHERRIL,STUART
SHERLENE,STUBBLEFIELD
SHERISE,STUBBS
SHERILL,STUCKEY
SHERIKA,STULL
SHERIDAN,STUMP
SHERICE,STURDIVANT
SHERELL,STURGEON
SHERA,STURGILL
SHENNA,STURGIS
SHENIKA,STURM
SHEMEKA,STYLES
SHELLA,SUAREZ
SHEBA,SUGGS
SHAWNTA,SULLIVAN
SHAWANNA,SUMMERLIN
SHAVONDA,SUMMERS
SHAUNTE,SUMNER
SHAUNTA,SUMPTER
SHAUNDA,SUN
SHARRI,SUTHERLAND
SHAROLYN,SUTTER
SHARMAINE,SUTTON
SHARILYN,SWAFFORD
SHARIKA,SWAIN
SHARIE,SWAN
SHARICE,SWANK
SHARELL,SWANN
SHARDA,SWANSON
SHARAN,SWARTZ
SHAQUITA,SWEARINGEN
SHAQUANA,SWEAT
SHANTI,SWEENEY
SHANTELLE,SWEET
SHANTAY,SWENSON
SHANTAE,SWIFT
SHANIQUA,SWISHER
SHANEL,SWITZER
SHANDI,SWOPE
SHANAE,SYKES
SHAN,SYLVESTER
SHALON,TABER
SHALANDA,TABOR
SHALA,TACKETT
SHAKITA,TAFT
SHAKIA,TAGGART
SHAE,TALBERT
SETSUKO,TALBOT
SERITA,TALBOTT
SERAFINA,TALLENT
SEPTEMBER,TALLEY
SENAIDA,TAM
SENA,TAMAYO
SEEMA,TAN
SEE,TANAKA
SEASON,TANG
SAU,TANNER
SATURNINA,TAPIA
SARAN,TAPP
SARAI,TARVER
SANDIE,TATE
SANDEE,TATUM
SANDA,TAVARES
SANA,TAYLOR
SAMELLA,TEAGUE
SALLEY,TEAL
SAGE,TEEL
SADYE,TEETER
SACHA,TEJADA
RYANN,TEJEDA
RUTHE,TELLEZ
RUTHANNE,TEMPLE
RUTHA,TEMPLETON
RUBI,TENNANT
ROZANNE,TENNEY
ROXY,TERRELL
ROSY,TERRILL
ROSSIE,TERRY
ROSSANA,THACKER
ROSIO,THAMES
ROSETTE,THAO
ROSENDA,THARP
ROSENA,THATCHER
ROSELLE,THAYER
ROSELINE,THERIAULT
ROSELIA,THERIOT
ROSELEE,THIBODEAU
ROSAMARIA,THIBODEAUX
ROLANDE,THIEL
ROCHEL,THIGPEN
ROBENA,THOMAS
ROBBYN,THOMASON
ROBBI,THOMPSON
RIVKA,THOMSEN
RIVA,THOMSON
RIMA,THORN
RICKI,THORNBURG
RICARDA,THORNE
RIA,THORNHILL
RHONA,THORNTON
RHEBA,THORP
REYNALDA,THORPE
RESSIE,THORTON
RENNA,THRASH
RENDA,THRASHER
RENAY,THURMAN
REMONA,THURSTON
REMA,TIBBETTS
REITA,TIBBS
REGINIA,TICE
REGINE,TIDWELL
REFUGIA,TIERNEY
REENA,TIJERINA
REBECKA,TILLER
REANNA,TILLERY
REAGAN,TILLEY
REA,TILLMAN
RAYMONDE,TILTON
RANEE,TIMM
RAISA,TIMMONS
RAGUEL,TINKER
RAELENE,TINSLEY
RACHAL,TIPTON
QUYEN,TIRADO
PURA,TISDALE
PROVIDENCIA,TITUS
PRISCILA,TOBIAS
PORSCHE,TOBIN
POK,TODD
PING,TOLBERT
PHYLICIA,TOLEDO
PHUNG,TOLER
PHEBE,TOLIVER
PETRONILA,TOLLIVER
PEI,TOM
PEG,TOMLIN
PEARLY,TOMLINSON
PAZ,TOMPKINS
PAULITA,TONEY
PAULENE,TONG
PATRIA,TORO
PASTY,TORRENCE
PARTHENIA,TORRES
PAMULA,TORREZ
PAMILA,TOTH
PALMIRA,TOTTEN
PA,TOVAR
OZIE,TOWNES
OZELL,TOWNS
OTELIA,TOWNSEND
ORETHA,TRACY
ORALEE,TRAHAN
ONITA,TRAMMELL
ONIE,TRAN
OLINDA,TRAPP
OLIMPIA,TRASK
OLEVIA,TRAVERS
OLENE,TRAVIS
ODELIA,TRAYLOR
ODA,TREADWAY
NUBIA,TREADWELL
NU,TREJO
NORIKO,TREMBLAY
NOHEMI,TRENT
NOBUKO,TREVINO
NISHA,TRIBBLE
NIESHA,TRICE
NIDA,TRIMBLE
NICHOLLE,TRINIDAD
NGUYET,TRIPLETT
NGAN,TRIPP
NEVADA,TROTTER
NERY,TROUT
NEOMI,TROUTMAN
NENITA,TROY
NEIDA,TRUDEAU
NEELY,TRUE
NEDA,TRUITT
NECOLE,TRUJILLO
NATISHA,TRUONG
NATASHIA,TUBBS
NATALYA,TUCK
NATACHA,TUCKER
NANCEY,TUGGLE
NANCEE,TURK
NAM,TURLEY
NAKESHA,TURMAN
NAIDA,TURNBULL
NADENE,TURNER
NA,TURNEY
MYRTA,TURPIN
MYRL,TUTTLE
MYESHA,TYLER
MUOI,TYNER
MORIAH,TYREE
MORA,TYSON
MOON,ULRICH
MONNIE,UNDERHILL
MONET,UNDERWOOD
MIYOKO,UNGER
MITZIE,UPCHURCH
MITSUKO,UPSHAW
MITSUE,UPTON
MISTIE,URBAN
MISS,URBINA
MISHA,URIBE
MIRELLA,USHER
MINTA,UTLEY
MING,VAIL
MINDA,VALADEZ
MILLY,VALDES
MILDA,VALDEZ
MIKI,VALENCIA
MIKAELA,VALENTI
MIGNON,VALENTIN
MIESHA,VALENTINE
MICHELINA,VALENZUELA
MICHAELE,VALERIO
MICHA,VALLE
MICA,VALLEJO
MERTIE,VALLES
MERRILEE,VAN
MERRIE,VANBUREN
MERLYN,VANCE
MERISSA,VANDIVER
MERIDETH,VANDYKE
MERCEDEZ,VANG
MENDY,VANHOOSE
MELODI,VANHORN
MELODEE,VANMETER
MELITA,VANN
MELIDA,VANOVER
MELIA,VANWINKLE
MELDA,VARELA
MELANIA,VARGAS
MELANI,VARNER
MEDA,VARNEY
MAYOLA,VASQUEZ
MAXIMINA,VAUGHAN
MAXIMA,VAUGHN
MAURITA,VAUGHT
MATHA,VAZQUEZ
MARYROSE,VEAL
MARYLYNN,VEGA
MARYLOUISE,VELA
MARYLN,VELASCO
MARYLAND,VELASQUEZ
MARYETTA,VELAZQUEZ
MARYBELLE,VELEZ
MARYANNA,VENABLE
MARX,VENEGAS
MARVIS,VENTURA
MARVELLA,VERA
MARTH,VERDIN
MARQUITTA,VERGARA
MARLINE,VERNON
MARKETTA,VEST
MARIVEL,VETTER
MARISHA,VICK
MARIS,VICKERS
MARINE,VICKERY
MARINDA,VICTOR
MARIN,VIDAL
MARIKO,VIEIRA
MARIETTE,VIERA
MARIELLE,VIGIL
MARIELLA,VILLA
MARICRUZ,VILLALOBOS
MARICA,VILLANUEVA
MARIANELA,VILLAREAL
MARHTA,VILLARREAL
MARGY,VILLASENOR
MARGRETT,VILLEGAS
MARGHERITA,VINCENT
MARGERT,VINES
MARGENE,VINSON
MARG,VITALE
MARDELL,VO
MARCHELLE,VOGEL
MARCENE,VOGT
MARCELL,VOSS
MARCELENE,VU
MARAGRET,VUE
MARAGARET,WADDELL
MAO,WADE
MANY,WADSWORTH
MANIE,WAGGONER
MANDIE,WAGNER
MALVINA,WAGONER
MALORIE,WAHL
MALLIE,WAITE
MALKA,WAKEFIELD
MALENA,WALDEN
MAKEDA,WALDRON
MAISIE,WALDROP
MAISHA,WALKER
MAIRE,WALL
MAILE,WALLACE
MAHALIA,WALLEN
MAGALI,WALLER
MAFALDA,WALLING
MADELENE,WALLIS
MADELAINE,WALLS
MADDIE,WALSH
MADALENE,WALSTON
MABELLE,WALTER
LYNNA,WALTERS
LYNETTA,WALTON
LYNDIA,WAMPLER
LURLENE,WANG
LUETTA,WARD
LUDIVINA,WARDEN
LUCILLA,WARE
LUCI,WARFIELD
LUBA,WARNER
LUANNA,WARREN
LOVETTA,WASHBURN
LOVE,WASHINGTON
LOURIE,WASSON
LOURA,WATERMAN
LOUETTA,WATERS
LORRINE,WATKINS
LORRIANE,WATSON
LORITA,WATT
LORIS,WATTERS
LORINA,WATTS
LORILEE,WAUGH
LORIA,WAY
LORETTE,WAYNE
LORETA,WEATHERFORD
LOREAN,WEATHERLY
LORALEE,WEATHERS
LONDA,WEAVER
LOISE,WEBB
LIZZETTE,WEBBER
LIZETH,WEBER
LISANDRA,WEBSTER
LISABETH,WEDDLE
LINN,WEED
LINDSY,WEEKS
LILLIANA,WEEMS
LILLIAM,WEINBERG
LILLIA,WEINER
LILLI,WEINSTEIN
LIESELOTTE,WEIR
LIBBIE,WEIS
LIANNE,WEISS
LETISHA,WELCH
LESHA,WELDON
LEONTINE,WELKER
LEONIDA,WELLER
LEONIA,WELLMAN
LEOMA,WELLS
LENITA,WELSH
LELAH,WENDT
LEKISHA,WENGER
LEISHA,WENTWORTH
LEIGHA,WENTZ
LEIDA,WENZEL
LEIA,WERNER
LEENA,WERTZ
LECIA,WESLEY
LEANORA,WEST
LEAN,WESTBROOK
LAYNE,WESTER
LAVONNA,WESTFALL
LAVONE,WESTMORELAND
LAVONA,WESTON
LAVETTE,WETZEL
LAVETA,WHALEN
LAVENIA,WHALEY
LAVELLE,WHARTON
LAURYN,WHATLEY
LAURINDA,WHEAT
LAURENA,WHEATLEY
LAURAN,WHEATON
LAURALEE,WHEELER
LATRISHA,WHELAN
LATOYIA,WHIPPLE
LATINA,WHITAKER
LATARSHA,WHITCOMB
LASONYA,WHITE
LASHON,WHITED
LASHELL,WHITEHEAD
LASHAY,WHITEHURST
LASHAWNDA,WHITEMAN
LASHAWNA,WHITESIDE
LASHAUNDA,WHITFIELD
LASHAUN,WHITING
LASHANDRA,WHITLEY
LARRAINE,WHITLOCK
LARITA,WHITLOW
LAREE,WHITMAN
LAQUANDA,WHITMIRE
LANORA,WHITMORE
LANNIE,WHITNEY
LANIE,WHITSON
LANG,WHITT
LANELLE,WHITTAKER
LAMONICA,WHITTEN
LALA,WHITTINGTON
LAKITA,WHITTLE
LAKIESHA,WHITWORTH
LAKIA,WHYTE
LAKENYA,WICK
LAKENDRA,WICKER
LAKEESHA,WICKHAM
LAJUANA,WICKS
LAINE,WIESE
LAHOMA,WIGGINS
LAEL,WILBANKS
LADAWN,WILBER
LACRESHA,WILBUR
LACHELLE,WILBURN
KYOKO,WILCOX
KRYSTINA,WILD
KRYSTIN,WILDE
KRYSTEN,WILDER
KRISTLE,WILES
KRISTEEN,WILEY
KRISSY,WILHELM
KRISHNA,WILHITE
KORTNEY,WILKE
KLARA,WILKERSON
KIZZIE,WILKES
KIYOKO,WILKINS
KITTIE,WILKINSON
KIT,WILKS
KIRSTIE,WILL
KINA,WILLARD
KIMI,WILLETT
KIMBRA,WILLEY
KIERSTEN,WILLIAM
KHALILAH,WILLIAMS
KHADIJAH,WILLIAMSON
KEVA,WILLIFORD
KETURAH,WILLINGHAM
KERSTIN,WILLIS
KEREN,WILLOUGHBY
KERA,WILLS
KENIA,WILLSON
KENDAL,WILMOTH
KENDA,WILSON
KEMBERLY,WILT
KELSI,WIMBERLY
KEITHA,WINCHESTER
KEIRA,WINDHAM
KEILA,WINFIELD
KEELEY,WINFREY
KAYCEE,WING
KAYCE,WINGATE
KATHRIN,WINGFIELD
KATHLINE,WINKLER
KATHERINA,WINN
KATHELEEN,WINSLOW
KATHARYN,WINSTEAD
KATERINE,WINSTON
KATELYNN,WINTER
KATELIN,WINTERS
KASI,WIRTH
KASHA,WISE
KARY,WISEMAN
KARRY,WISNIEWSKI
KAROLINE,WITCHER
KAROLE,WITHERS
KARLYN,WITHERSPOON
KARLY,WITHROW
KARISA,WITT
KARIMA,WITTE
KARENA,WOFFORD
KAREEN,WOLF
KANISHA,WOLFE
KANESHA,WOLFF
KANDRA,WOLFORD
KANDIS,WOMACK
KAMILAH,WONG
KAMALA,WOO
KALYN,WOOD
KALLIE,WOODALL
KALEIGH,WOODARD
KAILA,WOODBURY
KAI,WOODCOCK
KA,WOODEN
JUSTA,WOODLEY
JUNKO,WOODRUFF
JUNIE,WOODS
JULIETTA,WOODSON
JULIEANN,WOODWARD
JULENE,WOODWORTH
JULE,WOODY
JOYA,WOOLDRIDGE
JOVAN,WOOLEY
JOSPHINE,WOOTEN
JOSEFINE,WORD
JONIE,WORDEN
JONG,WORKMAN
JONE,WORLEY
JOLYN,WORRELL
JOLINE,WORSHAM
JOIE,WORTH
JOHNSIE,WORTHAM
JOHNETTE,WORTHINGTON
JOHNA,WORTHY
JOHANNE,WRAY
JOETTE,WREN
JOAQUINA,WRIGHT
JOANNIE,WU
JOANE,WYANT
JINNY,WYATT
JI,WYLIE
JETTA,WYMAN
JESUSITA,WYNN
JESTINE,WYNNE
JESSIKA,XIONG
JESSIA,YAMAMOTO
JERRICA,YANCEY
JERLENE,YANEZ
JERICA,YANG
JENNINE,YARBROUGH
JENNELL,YATES
JENEVA,YAZZIE
JENEE,YBARRA
JENE,YEAGER
JENAE,YEE
JEFFIE,YI
JEANNETTA,YOCUM
JEANMARIE,YODER
JEANICE,YOO
JEANETT,YOON
JEANELLE,YORK
JAYNA,YOST
JAYMIE,YOUNG
JAYE,YOUNGBLOOD
JAQUELYN,YOUNGER
JANYCE,YOUNT
JANUARY,YU
JANNET,ZAMBRANO
JANISE,ZAMORA
JANIECE,ZAPATA
JANI,ZARAGOZA
JANELLA,ZARATE
JANEE,ZAVALA
JANEAN,ZEIGLER
JAMIKA,ZELLER
JAMEE,ZEPEDA
JAMA,ZHANG
JALISA,ZIEGLER
JAIMEE,ZIELINSKI
JACQUIE,ZIMMER
JACQUI,ZIMMERMAN
JACQUETTA,ZINK
JACKQUELINE,ZOOK
JACKELYN,ZUNIGA